-- MySQL dump 10.13  Distrib 8.0.34, for Win64 (x86_64)
--
-- Host: localhost    Database: mirandadb
-- ------------------------------------------------------
-- Server version	8.0.35-0ubuntu0.22.04.1

/*!40101 SET @OLD_CHARACTER_SET_CLIENT=@@CHARACTER_SET_CLIENT */;
/*!40101 SET @OLD_CHARACTER_SET_RESULTS=@@CHARACTER_SET_RESULTS */;
/*!40101 SET @OLD_COLLATION_CONNECTION=@@COLLATION_CONNECTION */;
/*!50503 SET NAMES utf8 */;
/*!40103 SET @OLD_TIME_ZONE=@@TIME_ZONE */;
/*!40103 SET TIME_ZONE='+00:00' */;
/*!40014 SET @OLD_UNIQUE_CHECKS=@@UNIQUE_CHECKS, UNIQUE_CHECKS=0 */;
/*!40014 SET @OLD_FOREIGN_KEY_CHECKS=@@FOREIGN_KEY_CHECKS, FOREIGN_KEY_CHECKS=0 */;
/*!40101 SET @OLD_SQL_MODE=@@SQL_MODE, SQL_MODE='NO_AUTO_VALUE_ON_ZERO' */;
/*!40111 SET @OLD_SQL_NOTES=@@SQL_NOTES, SQL_NOTES=0 */;

--
-- Table structure for table `amenity`
--

DROP TABLE IF EXISTS `amenity`;
/*!40101 SET @saved_cs_client     = @@character_set_client */;
/*!50503 SET character_set_client = utf8mb4 */;
CREATE TABLE `amenity` (
  `id` int NOT NULL AUTO_INCREMENT,
  `amenity` varchar(45) NOT NULL,
  PRIMARY KEY (`id`)
) ENGINE=InnoDB AUTO_INCREMENT=23 DEFAULT CHARSET=utf8mb4 COLLATE=utf8mb4_0900_ai_ci;
/*!40101 SET character_set_client = @saved_cs_client */;

--
-- Dumping data for table `amenity`
--

LOCK TABLES `amenity` WRITE;
/*!40000 ALTER TABLE `amenity` DISABLE KEYS */;
INSERT INTO `amenity` VALUES (1,'1/3 Bed Space'),(2,'24-Hour Guard'),(3,'Free Wifi'),(4,'Air Conditioner'),(5,'Television'),(6,'Towels'),(7,'Mini Bar'),(8,'Coffee Set'),(9,'Bathtub'),(10,'Jacuzzi'),(11,'Nice Views'),(12,'1/3 Bed Space'),(13,'24-Hour Guard'),(14,'Free Wifi'),(15,'Air Conditioner'),(16,'Television'),(17,'Towels'),(18,'Mini Bar'),(19,'Coffee Set'),(20,'Bathtub'),(21,'Jacuzzi'),(22,'Nice Views');
/*!40000 ALTER TABLE `amenity` ENABLE KEYS */;
UNLOCK TABLES;

--
-- Table structure for table `booking`
--

DROP TABLE IF EXISTS `booking`;
/*!40101 SET @saved_cs_client     = @@character_set_client */;
/*!50503 SET character_set_client = utf8mb4 */;
CREATE TABLE `booking` (
  `id` int NOT NULL AUTO_INCREMENT,
  `name` varchar(45) NOT NULL,
  `surname` varchar(45) NOT NULL,
  `email` varchar(255) NOT NULL,
  `phone` varchar(45) NOT NULL,
  `order_date` datetime NOT NULL DEFAULT CURRENT_TIMESTAMP,
  `check_in` datetime NOT NULL,
  `check_out` datetime NOT NULL,
  `special_request` varchar(255) NOT NULL,
  `room_id` int NOT NULL,
  `price` varchar(45) NOT NULL,
  `status` varchar(45) NOT NULL,
  PRIMARY KEY (`id`),
  KEY `room_id` (`room_id`),
  CONSTRAINT `booking_ibfk_1` FOREIGN KEY (`room_id`) REFERENCES `room` (`id`) ON DELETE CASCADE ON UPDATE CASCADE
) ENGINE=InnoDB AUTO_INCREMENT=83 DEFAULT CHARSET=utf8mb4 COLLATE=utf8mb4_0900_ai_ci;
/*!40101 SET character_set_client = @saved_cs_client */;

--
-- Dumping data for table `booking`
--

LOCK TABLES `booking` WRITE;
/*!40000 ALTER TABLE `booking` DISABLE KEYS */;
INSERT INTO `booking` VALUES (1,'Clotilde','Robel','Jonatan44@hotelmiranda.com','275.823.1789','2023-12-05 20:26:03','2024-04-03 12:21:10','2024-11-04 02:41:08','Desparatus allatus valeo nemo cunabula celebrer denuncio et suppellex labore decumbo basium doloribus omnis thesaurus rem textor uterque cuppedia cognomen colo benevolentia adduco.',79,'109','Check Out'),(2,'Destin','Wyman-Lakin','Abner_Hahn20@hotelmiranda.com','992-948-8872 x628','2023-12-05 20:26:03','2024-12-02 10:39:15','2024-12-04 10:01:11','Sumptus doloremque quibusdam articulus teneo desipio tardus centum ancilla.',16,'147','Check In'),(3,'Dorothy','Gusikowski','Krystal_Swift@hotelmiranda.com','(409) 695-6466 x557','2023-12-05 20:26:03','2024-02-09 10:37:17','2024-03-31 19:04:54','Deputo degusto amplitudo alias tam desino pariatur eaque.',30,'270','Check Out'),(4,'Johnpaul','Wisozk','Aiyana_OKon@hotelmiranda.com','1-452-415-0405 x011','2023-12-05 20:26:03','2024-11-11 22:49:33','2024-11-25 23:39:09','Territo reiciendis corona aut cornu video voveo admiratio annus.',26,'146','Check Out'),(5,'Magnolia','Maggio','Larue.Abshire@hotelmiranda.com','1-428-662-7564 x534','2023-12-05 20:26:03','2023-12-28 08:49:19','2024-01-29 10:41:10','Contego celer coepi admitto tabella ustilo tego pectus patrocinor ver trans arcus tollo.',2,'131','Check In'),(6,'Rowland','Mante','Kenyatta_Emard@hotelmiranda.com','484-846-6430','2023-12-05 20:26:03','2024-12-04 14:12:04','2024-12-05 20:11:55','Vacuus ciminatio quibusdam neque comis conqueror artificiose velit comedo vilis casus attonbitus vicinus fugit audax.',78,'197','In Progress'),(7,'Janiya','Quigley','Daniella36@hotelmiranda.com','251.945.9656 x174','2023-12-05 20:26:03','2024-11-29 02:10:43','2024-12-01 13:42:16','Condico calamitas cubo dapifer cuius terror dicta vitiosus laudantium officiis summa cuius vulgo sum crebro alias molestiae.',10,'190','Check Out'),(8,'Guy','Casper','Rebecca.Ernser@hotelmiranda.com','792-254-0553','2023-12-05 20:26:03','2023-12-26 03:14:09','2023-12-28 05:37:04','Aqua placeat desparatus eos adsidue cattus cupio spectaculum traho tendo vos corrupti maxime dolor xiphias corporis cupio maxime curiositas apud cunabula subnecto carpo.',26,'123','Check In'),(9,'Skye','Keebler','Nellie95@hotelmiranda.com','316-752-4685 x57752','2023-12-05 20:26:03','2024-11-07 07:29:30','2024-11-11 21:58:16','Tempus tabgo exercitationem terra compono vulnus libero cultura somnus deporto tendo vulariter vis quaerat crux.',48,'248','In Progress'),(10,'Daija','Bruen-Lang','Ottis22@hotelmiranda.com','307-670-3169 x3901','2023-12-05 20:26:03','2024-01-29 19:40:03','2024-02-06 01:50:05','Expedita ater suggero alo aduro decumbo clamo voveo demitto doloribus convoco curriculum amiculum optio numquam temperantia toties claustrum volo convoco verbum vis decor coepi pecto.',62,'180','In Progress'),(11,'Lilly','Schroeder','Haskell75@hotelmiranda.com','(215) 501-9006 x33094','2023-12-05 20:26:03','2024-11-26 08:19:37','2024-11-28 01:57:26','Videlicet provident aestus ventus timidus tondeo adnuo.',26,'134','Check In'),(12,'Ashley','Crist','Brannon35@hotelmiranda.com','(740) 638-7342 x908','2023-12-05 20:26:03','2023-12-06 17:27:54','2023-12-24 16:47:39','Cunae denego velut toties alius crastinus alii sint viduo abbas vel cursim comminor allatus blanditiis repellendus atrocitas vox vesco appello.',43,'167','Check In'),(13,'Retta','Gerlach','Keshaun.Haag@hotelmiranda.com','1-463-693-8269 x5425','2023-12-05 20:26:03','2024-11-04 21:30:43','2024-11-04 21:50:00','Cras nisi varietas deserunt cognomen strenuus ulciscor spectaculum absens ambulo tergiversatio articulus adipiscor absorbeo damno taceo abscido tripudio conforto terra.',58,'300','Check Out'),(14,'Crawford','Leffler','Phoebe_Bogisich@hotelmiranda.com','697.362.1268 x4962','2023-12-05 20:26:03','2024-11-28 07:18:25','2024-11-28 14:19:21','Vulgo comptus incidunt volaticus communis fugit varius tepidus antea desparatus subiungo denuncio ab enim beneficium spiritus demo video conturbo.',17,'149','Check Out'),(15,'Donnie','Lockman','Cody_Grimes@hotelmiranda.com','943-221-3814 x501','2023-12-05 20:26:03','2024-12-04 11:35:29','2024-12-04 12:27:51','Tepidus annus tabesco adflicto atavus est demulceo cum pecus quasi arma ambulo asporto crux tendo desolo fuga tremo suasoria corpus depraedor vomer.',2,'273','Check In'),(16,'Bud','Christiansen','Summer_Dooley62@hotelmiranda.com','1-849-283-2022','2023-12-05 20:26:03','2024-12-01 19:02:28','2024-12-01 19:12:59','Umerus aeneus vilicus auxilium aggredior decet vulnero vallum.',34,'138','Check In'),(17,'Izaiah','Beer','Patrick66@hotelmiranda.com','(431) 773-4983 x1264','2023-12-05 20:26:03','2024-12-04 12:40:39','2024-12-04 13:59:54','Vulgaris esse tres victus benigne sursum defendo celebrer aegrotatio aegrus sum virga timor ratione sursum.',21,'153','Check In'),(18,'Gail','Predovic','Daniella2@hotelmiranda.com','1-786-592-4228 x12385','2023-12-05 20:26:03','2024-11-06 17:03:24','2024-11-06 19:42:32','Vetus crustulum quo quibusdam decipio cohaero surgo admoneo voluptatem aeternus vox ars collum vesper adfero accendo subito amiculum consequatur canonicus allatus decimus volo audeo.',12,'152','In Progress'),(19,'Jaime','Lowe','Rebeka_Lang@hotelmiranda.com','1-269-741-6471 x555','2023-12-05 20:26:03','2024-11-04 14:04:43','2024-11-04 20:30:43','Libero sophismata creator rem demum baiulus tot cubitum in ara tutamen officia inventore comprehendo aqua teneo officia voluptatibus ait deprecator tristis subito tracto fugiat defetiscor.',66,'292','Check Out'),(20,'Valerie','McGlynn','Charity.Barrows@hotelmiranda.com','479.258.3956 x1670','2023-12-05 20:26:03','2024-12-01 20:35:35','2024-12-01 20:46:21','Bis commodo contra sollicito deficio supra spectaculum veniam tersus volva.',2,'263','Check Out'),(21,'Horace','Ferry','Noemie37@hotelmiranda.com','(239) 252-1367 x51953','2023-12-05 20:26:03','2024-11-28 14:48:05','2024-11-28 23:45:37','Peccatus decretum via creptio communis solio similique depono sordeo auditor carus.',67,'192','Check Out'),(22,'Brooklyn','Shanahan','Vida.Hagenes59@hotelmiranda.com','1-652-240-5082 x1165','2023-12-05 20:26:03','2024-12-02 08:01:44','2024-12-02 09:51:55','Speculum curso argumentum hic demoror censura charisma amplexus adicio eligendi bardus sed ubi ventosus crustulum bellum beneficium urbs curto accedo suffragium vobis tum abutor.',80,'145','In Progress'),(23,'Kaylah','Davis','Lue_Mraz50@hotelmiranda.com','855-473-7814','2023-12-05 20:26:03','2024-12-01 21:02:39','2024-12-02 00:33:57','Argentum universe accusator socius aduro comparo viduo certus tabernus curto arca rerum adversus animi debeo defleo vigor conventus acer tamen suus subito aut.',9,'225','In Progress'),(24,'Mervin','Windler','Cesar_Borer@hotelmiranda.com','273.538.8493','2023-12-05 20:26:03','2024-12-02 00:35:09','2024-12-02 02:08:45','Angelus denuo vociferor debitis alias conspergo certe voluptas et vacuus aptus acquiro cultellus socius tergo.',25,'209','Check Out'),(25,'Vernon','Roberts','Mariano29@hotelmiranda.com','(377) 558-6352','2023-12-05 20:26:03','2023-12-05 21:18:54','2023-12-06 08:12:35','In demulceo cognomen canis libero ante auditor fugit cunabula capillus sodalitas apostolus ante spoliatio blanditiis repellendus.',33,'193','In Progress'),(26,'Felipa','Runolfsson','Mateo_Berge@hotelmiranda.com','1-351-357-2544','2023-12-05 20:26:03','2024-11-06 22:10:19','2024-11-07 06:43:43','Quis terebro degenero audentia minus quo culpo tabgo summopere balbus admoveo censura comburo caritas copiose delectus validus.',1,'157','Check Out'),(27,'Darlene','Vandervort','Elyssa78@hotelmiranda.com','819-901-9544 x497','2023-12-05 20:26:03','2024-11-26 02:18:46','2024-11-26 06:28:53','Ubi cedo amaritudo illo aequus complectus volo brevis calamitas ventus cras odit cruciamentum comparo coma claudeo testimonium voluptate spes.',3,'241','Check In'),(28,'Deja','King','Mae88@hotelmiranda.com','(958) 296-0933 x015','2023-12-05 20:26:03','2024-11-04 22:36:12','2024-11-05 15:01:38','Cruciamentum verecundia varietas occaecati bos thalassinus congregatio appono crux sed uterque cito vomito cribro demum carbo anser magni trado cerno usitas pauper.',1,'138','Check In'),(29,'Alfredo','Collins','Eleanore.Hackett0@hotelmiranda.com','1-497-963-7970 x719','2023-12-05 20:26:03','2024-11-05 16:14:35','2024-11-06 01:51:45','Charisma adeo tabesco creptio averto calco valeo acies.',73,'243','Check Out'),(30,'Nina','Denesik','Laron.Kunze@hotelmiranda.com','(359) 839-8215 x7064','2023-12-05 20:26:03','2024-04-01 23:32:06','2024-04-02 12:04:11','Thymum solutio cetera demo ventus sumptus cribro cenaculum audentia architecto tumultus amplitudo substantia tamisium compono accendo trado vigilo coadunatio comprehendo strues tabernus universe.',31,'175','Check In'),(31,'Myra','Veum','Tremaine23@hotelmiranda.com','862.811.4480 x4301','2023-12-05 20:26:03','2024-02-07 15:59:05','2024-02-09 02:10:17','Quasi sit acies hic vociferor varietas valeo accusantium.',46,'167','Check In'),(32,'Norwood','Anderson','Glen_Schimmel84@hotelmiranda.com','1-673-995-0168 x084','2023-12-05 20:26:03','2024-11-26 00:57:51','2024-11-26 01:46:47','Sit curriculum succedo vindico denuncio convoco attollo pecus vigor eius curo solium concedo sunt vulgaris fuga error contigo amet denuncio fugiat tabgo.',1,'135','Check Out'),(33,'Rahsaan','Raynor','Kali.Schroeder30@hotelmiranda.com','1-560-292-0733 x8288','2023-12-05 20:26:03','2024-11-06 07:12:23','2024-11-06 11:19:31','Sponte vomica vereor tantum delectatio unde verus verecundia hic blandior deludo triduana amplitudo clarus catena ustilo decretum ullus thalassinus earum qui talus caries traho.',79,'123','Check Out'),(34,'Yolanda','White','Cristian35@hotelmiranda.com','613.589.9651 x780','2023-12-05 20:26:03','2024-03-31 21:05:59','2024-04-01 18:05:14','Copiose denuncio tabesco colo excepturi suus eaque temeritas deporto damno.',48,'112','Check Out'),(35,'Nya','Fahey','Camden_Bosco11@hotelmiranda.com','967.391.5432 x449','2023-12-05 20:26:03','2024-12-01 15:56:09','2024-12-01 18:55:29','Demitto cattus ascit modi terga nobis inflammatio.',3,'132','In Progress'),(36,'Rylee','Hintz','Josie18@hotelmiranda.com','629.374.2303 x2187','2023-12-05 20:26:03','2024-12-02 03:06:35','2024-12-02 04:12:29','Cresco velum curso necessitatibus quod tergiversatio amplitudo callide aggredior coadunatio suggero copia vomica demergo charisma urbs amiculum vereor.',77,'211','Check In'),(37,'Johanna','Schaden','Reina_Herzog82@hotelmiranda.com','644.473.7261 x5346','2023-12-05 20:26:03','2024-11-28 05:33:20','2024-11-28 06:42:42','Custodia truculenter argumentum deprimo coniuratio ceno carpo assumenda derideo tamen.',29,'244','Check In'),(38,'Allan','Skiles','Lincoln29@hotelmiranda.com','1-254-925-8628 x23174','2023-12-05 20:26:03','2024-11-04 04:11:05','2024-11-04 07:31:19','Sodalitas suadeo quaerat vilicus pauper aperio laboriosam admoveo molestias a cenaculum.',5,'291','Check Out'),(39,'Delores','Stark','Kaela.Kuphal7@hotelmiranda.com','1-667-324-2761 x695','2023-12-05 20:26:03','2024-12-02 05:37:05','2024-12-02 07:10:34','Cruciamentum conatus consectetur communis consequuntur solus civitas campana infit valetudo unde peior.',66,'165','In Progress'),(40,'Jevon','Vandervort','Eula43@hotelmiranda.com','326-261-5607 x249','2023-12-05 20:26:03','2024-11-04 10:59:28','2024-11-04 11:53:18','Aggredior vilitas deficio coniuratio blanditiis constans solutio deficio repellendus bestia eius illum calco.',5,'188','Check In'),(41,'Alexandro','Oberbrunner-Koelpin','Arlene_Parker44@hotelmiranda.com','1-740-720-5029 x49696','2023-12-05 20:26:03','2023-12-24 23:49:28','2023-12-25 12:02:31','Uter subvenio in acerbitas inflammatio arguo vos crebro bonus.',76,'266','Check Out'),(42,'Lura','Daugherty','Allene_Zemlak@hotelmiranda.com','261.557.6639 x725','2023-12-05 20:26:03','2024-12-02 07:47:28','2024-12-02 07:58:20','Aeneus tabernus tabula tergeo reprehenderit textilis tactus cursus arca balbus cogo beatae capto tardus beatae theatrum amicitia corrigo delego cultellus stabilis.',62,'200','In Progress'),(43,'Darwin','Jacobs','Dusty.Casper3@hotelmiranda.com','341.440.0171 x372','2023-12-05 20:26:03','2024-12-01 19:38:23','2024-12-01 20:03:52','Velut desparatus vis quos summisse neque caute sit vulgus.',12,'269','Check In'),(44,'Domingo','Conroy','Alison49@hotelmiranda.com','1-225-349-4841 x435','2023-12-05 20:26:03','2024-02-06 23:43:59','2024-02-07 11:32:27','Degenero degusto dolor ventosus eaque venia statim tyrannus ago quas strenuus torrens aestivus communis adversus abeo caelum adsuesco uxor patior cauda atrocitas vel vesper.',50,'240','In Progress'),(45,'Hank','O\'Reilly','Joe99@hotelmiranda.com','576.953.7065','2023-12-05 20:26:03','2024-12-04 10:05:19','2024-12-04 10:08:29','Delego paens corroboro sequi conculco adficio ars cohors tredecim.',41,'198','Check Out'),(46,'Bryce','Mohr','Calista38@hotelmiranda.com','672-376-3573 x65794','2023-12-05 20:26:03','2024-12-04 10:44:45','2024-12-04 10:47:13','Velut traho aliquid vergo verecundia decipio laboriosam arguo damnatio comminor valens vis colligo numquam textilis tempora calculus triumphus aurum speculum.',56,'261','In Progress'),(47,'Stanford','Feest','Giovani_Klocko-Emard43@hotelmiranda.com','1-810-579-4674 x65919','2023-12-05 20:26:03','2024-12-02 04:48:35','2024-12-02 04:57:23','Cohors enim decet tempore beatus adhuc claustrum audacia decerno ullus in adfectus aiunt tricesimus capto incidunt pecco adeptio quos.',40,'142','Check Out'),(48,'Mathias','Feeney','Mariam_Trantow67@hotelmiranda.com','(926) 743-7315 x31210','2023-12-05 20:26:03','2024-11-06 11:27:56','2024-11-06 12:47:53','Vulnero adeptio arma xiphias aliquam amita tres catena defendo civis est asporto angulus truculenter caput audentia cursus patrocinor vinco vilitas spectaculum.',52,'180','Check Out'),(49,'Hermina','Weissnat','Angie_Harber@hotelmiranda.com','777.766.5989 x1136','2023-12-05 20:26:03','2024-11-28 03:02:15','2024-11-28 04:23:38','Adipisci cedo delectatio quia arca omnis chirographum annus abeo desidero denuo vulticulus decens.',50,'168','Check Out'),(50,'Reuben','Leffler','Penelope_Metz@hotelmiranda.com','1-302-486-3268 x86244','2023-12-05 20:26:03','2024-12-04 11:34:30','2024-12-04 11:34:49','Vicinus bonus molestiae ventosus supra cohaero tubineus temeritas depulso numquam vulgivagus desino conor animi comitatus suscipit creber crepusculum.',52,'259','Check Out'),(51,'Korey','Littel','Eugene_Dibbert@hotelmiranda.com','401.769.3430 x37733','2023-12-05 20:26:03','2024-11-29 00:11:30','2024-11-29 01:07:57','Creber unde antea vesper catena sto curia virtus sit molestiae verbum utique amicitia molestias complectus eveniet admiratio.',4,'232','Check In'),(52,'Charley','Rau','Arne_Mayer@hotelmiranda.com','1-483-221-3812 x6164','2023-12-05 20:26:04','2024-04-03 01:05:00','2024-04-03 08:38:27','Conculco demergo omnis defetiscor vespillo administratio acies accendo magni utrum curatio demoror vulnus subseco crux venustas carpo angulus ambitus universe complectus vulnus.',7,'111','Check In'),(53,'Mia','Kerluke','Vivienne57@hotelmiranda.com','(296) 599-2986 x4348','2023-12-05 20:26:04','2024-11-04 03:02:11','2024-11-04 04:04:54','Comburo cimentarius deduco cribro defessus velociter supra quod decimus quidem attero ago curso vapulus summa.',46,'257','In Progress'),(54,'Easter','Langosh','Dorcas_Schulist27@hotelmiranda.com','1-353-313-5096','2023-12-05 20:26:04','2023-12-25 23:59:18','2023-12-26 02:48:42','Voluptas delego suus vulpes artificiose demum textus cenaculum cuius aegre venia tardus turba vivo viriliter defluo aranea cinis decet bene cuppedia vacuus volaticus demoror.',25,'133','Check In'),(55,'Cordelia','Simonis','Josue.Feeney@hotelmiranda.com','(517) 852-3294 x493','2023-12-05 20:26:04','2024-04-02 12:09:45','2024-04-02 12:31:19','Ratione quisquam summisse aeneus deputo tersus auditor excepturi territo dicta.',2,'121','Check Out'),(56,'Mercedes','King','Selena3@hotelmiranda.com','1-866-230-1153','2023-12-05 20:26:04','2024-12-02 02:30:37','2024-12-02 03:04:12','Ciminatio texo argumentum deludo vestigium summopere studio victoria uterque coniuratio depereo templum deleo ventus canonicus arca amplitudo conservo ducimus reprehenderit appono denuncio cunabula aliquam.',79,'269','Check Out'),(57,'Ernestine','Streich','Miles_Schowalter19@hotelmiranda.com','891-263-4897 x091','2023-12-05 20:26:04','2024-11-06 15:48:16','2024-11-06 16:45:17','Aestus cribro argumentum pariatur perspiciatis beneficium ut ulterius nihil.',5,'167','Check Out'),(58,'Gregoria','Hodkiewicz','Rossie.Mohr@hotelmiranda.com','626.326.0728 x54477','2023-12-05 20:26:04','2024-04-02 14:33:29','2024-04-02 21:33:21','Cohaero ambitus corrumpo corrumpo nobis acsi degenero ocer vilis super capillus arx nihil ipsam accedo vero thesaurus cura pauci.',68,'132','Check Out'),(59,'Destiny','Konopelski','Wilfredo_Leannon11@hotelmiranda.com','999.363.6973 x59441','2023-12-05 20:26:04','2024-02-06 18:29:32','2024-02-06 23:19:27','Veritas sortitus adsuesco officiis coniecto coma tolero curis amitto speciosus nihil viriliter totam beatus aliqua temporibus amo tantillus umbra curia.',16,'262','Check In'),(60,'Tommie','Borer','Roderick71@hotelmiranda.com','(480) 940-3706 x181','2023-12-05 20:26:04','2024-04-01 20:02:03','2024-04-01 20:25:47','Adsum textor convoco absconditus toties usitas vita excepturi coniecto tristis uter laboriosam quas.',3,'267','Check In'),(61,'Ernest','Rolfson','Andres_Zboncak@hotelmiranda.com','603-617-8198 x93253','2023-12-05 20:26:04','2024-12-04 10:24:48','2024-12-04 10:33:02','Stips verto tersus inflammatio aspicio deprimo natus vos villa cui agnosco circumvenio denego depulso comes crudelis vesco turpis enim summopere.',27,'114','Check In'),(62,'Wilfred','Dibbert-Schmidt','Dan.Witting@hotelmiranda.com','(793) 416-4862 x35288','2023-12-05 20:26:04','2024-11-28 04:28:57','2024-11-28 04:43:24','Catena tardus creo paulatim vicissitudo thesaurus deputo derelinquo contigo eveniet amplexus cum denuncio.',58,'216','Check In'),(63,'Torrey','Dickinson','Arno23@hotelmiranda.com','506.243.4825 x0062','2023-12-05 20:26:04','2024-11-06 04:31:47','2024-11-06 05:32:45','Crinis umbra impedit appono spiculum vulgus torrens adduco angulus canis decipio quaerat stella.',44,'132','Check Out'),(64,'Ashleigh','Connelly','Leilani53@hotelmiranda.com','(636) 366-6676 x63119','2023-12-05 20:26:04','2024-12-02 04:12:55','2024-12-02 04:17:36','Arcesso doloribus terreo urbs quaerat pauci aperio tricesimus quisquam thymbra arbitro pariatur.',20,'119','Check Out'),(65,'Aleen','Hilll','Antwan_Reichert@hotelmiranda.com','922-793-1816 x9763','2023-12-05 20:26:04','2024-02-09 03:48:23','2024-02-09 04:31:17','Compello statua solum avarus aequus thesis convoco.',17,'190','In Progress'),(66,'Devonte','Swift','Justen.Willms90@hotelmiranda.com','403.537.5975 x78916','2023-12-05 20:26:04','2024-12-01 15:08:21','2024-12-01 15:20:03','Abundans vulgo delectatio esse asperiores amaritudo desparatus delicate depopulo succurro absconditus temperantia adficio quidem ater vinco id utique defendo votum aro.',28,'215','In Progress'),(67,'Kale','Halvorson','Estella_Renner70@hotelmiranda.com','911.217.7159 x82886','2023-12-05 20:26:04','2024-11-29 01:21:23','2024-11-29 01:24:05','Eius peccatus vigor volaticus arceo ago cruciamentum decens ipsam admitto subseco culpo canis aqua utrimque.',44,'136','Check Out'),(68,'Lee','Konopelski','Ephraim.Sanford6@hotelmiranda.com','(803) 545-6043 x465','2023-12-05 20:26:05','2024-12-04 10:15:20','2024-12-04 10:23:41','Ars caste spero defessus infit cedo vero arceo volva adimpleo assumenda cunabula eos demens testimonium sortitus tutis attero spes abstergo verumtamen.',5,'256','Check In'),(69,'Laila','Thiel','Ryder.White@hotelmiranda.com','1-712-219-0870','2023-12-05 20:26:05','2024-11-06 15:04:08','2024-11-06 15:30:54','Clam argumentum decimus delibero sodalitas tabernus absconditus tristis incidunt via utpote ea tabernus utpote subnecto dapifer thesaurus sol somnus sum considero.',66,'127','In Progress'),(70,'Israel','Jerde','Cletus_Yundt@hotelmiranda.com','835.606.2268 x66771','2023-12-05 20:26:05','2024-11-04 12:43:54','2024-11-04 13:14:57','Vulnero suus tremo terga socius tot speculum tamquam delectatio amitto minima ubi demonstro cribro adeo curriculum.',56,'217','Check Out'),(71,'Brooks','Kreiger','Joanne77@hotelmiranda.com','294-224-9180 x21122','2023-12-05 20:26:05','2024-11-28 14:34:19','2024-11-28 14:34:42','Vesica contego virgo corpus cohors caute modi fugit aqua candidus.',3,'127','Check In'),(72,'Kevin','Turner','Kailyn_Weber@hotelmiranda.com','(873) 868-0436 x265','2023-12-05 20:26:05','2024-12-02 07:25:19','2024-12-02 07:43:03','Cibo suffragium apto velit paens aliqua curis thorax cinis usus corrigo conitor advenio viridis.',31,'176','Check In'),(73,'Clark','Ullrich','Mossie.Hilll41@hotelmiranda.com','954.210.3861 x8686','2023-12-05 20:26:05','2023-12-06 08:55:26','2023-12-06 14:32:29','Termes decimus vergo uter socius utrum succedo accedo abeo thesis tantum temporibus deputo celer.',32,'246','In Progress'),(74,'Jose','Klein','Savion_Kris86@hotelmiranda.com','(882) 461-4451 x508','2023-12-05 20:26:05','2024-12-01 14:26:31','2024-12-01 14:44:19','Sol thesis volubilis termes creator delego vulariter caste votum.',16,'112','Check In'),(75,'Emely','Feeney','Torey.Legros@hotelmiranda.com','899-696-8389 x5776','2023-12-05 20:26:05','2024-11-26 06:56:39','2024-11-26 07:29:22','Volaticus pauci aveho crapula paens cauda vociferor chirographum amaritudo coerceo textilis.',57,'133','In Progress'),(76,'Brandy','Sawayn','Emory_Weimann@hotelmiranda.com','1-285-601-7300 x9402','2023-12-05 20:26:05','2024-02-06 06:29:59','2024-02-06 17:12:18','Tumultus dedico crur agnosco patior taedium timor caute deleniti aggredior ater comburo distinctio.',49,'207','Check In'),(77,'Levi','Strosin','Isadore.Cruickshank36@hotelmiranda.com','1-418-584-9342 x2819','2023-12-05 20:26:05','2024-11-28 02:04:42','2024-11-28 02:52:08','Articulus video cursus hic admitto aufero arma cribro vehemens utpote derelinquo defungo utilis callide accommodo usus suffragium.',70,'154','Check Out'),(78,'Katherine','Mosciski','Garrett.Schmeler@hotelmiranda.com','444-892-7211 x6074','2023-12-05 20:26:06','2024-11-06 14:03:51','2024-11-06 14:39:05','Coniuratio aeneus teneo auctus celebrer textilis antepono earum benevolentia earum terminatio carmen quo amiculum adsuesco cenaculum.',21,'215','In Progress'),(79,'Vinnie','Hartmann','Clark91@hotelmiranda.com','531-294-2721 x96090','2023-12-05 20:26:06','2024-12-01 15:06:59','2024-12-01 15:08:12','Necessitatibus tersus est cohaero victoria demergo cras argumentum aeneus vestigium suscipit aqua facilis conservo arca deporto celo demergo.',7,'111','Check In'),(80,'Nicolette','Ward','Jayne.Gislason@hotelmiranda.com','865-988-4534 x277','2023-12-05 20:26:06','2024-12-01 15:30:07','2024-12-01 15:32:23','Aqua tunc tergiversatio accusantium culpo adflicto demonstro possimus vesica laudantium.',35,'285','Check Out');
/*!40000 ALTER TABLE `booking` ENABLE KEYS */;
UNLOCK TABLES;

--
-- Table structure for table `contact`
--

DROP TABLE IF EXISTS `contact`;
/*!40101 SET @saved_cs_client     = @@character_set_client */;
/*!50503 SET character_set_client = utf8mb4 */;
CREATE TABLE `contact` (
  `id` int NOT NULL AUTO_INCREMENT,
  `date` datetime NOT NULL,
  `name` varchar(45) NOT NULL,
  `email` varchar(45) NOT NULL,
  `phone` varchar(45) NOT NULL,
  `subject` varchar(45) NOT NULL,
  `comment` varchar(255) NOT NULL,
  `archived` binary(1) NOT NULL,
  PRIMARY KEY (`id`)
) ENGINE=InnoDB AUTO_INCREMENT=11 DEFAULT CHARSET=utf8mb4 COLLATE=utf8mb4_0900_ai_ci;
/*!40101 SET character_set_client = @saved_cs_client */;

--
-- Dumping data for table `contact`
--

LOCK TABLES `contact` WRITE;
/*!40000 ALTER TABLE `contact` DISABLE KEYS */;
INSERT INTO `contact` VALUES (1,'2023-02-13 09:35:53','Terrence Blick','Randall.Harber-Lubowitz25@anymail.com','570-678-4137 x1017','Expedita depraedor.','Derelinquo demens peccatus repudiandae fugit copia alienus. Tandem pax talus confugo comminor auctor desparatus adopto. Audax considero copia clementia calculus vetus velum pauci conculco.',_binary '0'),(2,'2022-12-08 09:58:50','Angie Bayer','Esperanza_Schulist@anymail.com','803-206-7835 x27567','Patrocinor.','Tutamen adopto pecto animadverto aequitas antea solum ducimus. Pecus cernuus voluptas possimus doloremque adimpleo adicio tempore caecus. Dapifer ustilo adiuvo.',_binary '0'),(3,'2022-12-17 22:46:42','Dr. Floyd Pfeffer Sr.','Martina59@anymail.com','458-407-7186','Valetudo acerbitas.','Asporto vilis vel accendo impedit expedita desidero aveho comes exercitationem. Officiis saepe absens. Corona vobis tempore corrigo patrocinor calculus.',_binary '0'),(4,'2023-08-17 18:38:41','Terrell D\'Amore','Helmer.Boehm38@anymail.com','1-439-336-3462 x787','Umerus.','Dedecor cibo depulso caelestis altus absorbeo. Spargo depraedor arx cuppedia admoneo unus triduana universe spoliatio. Natus barba causa termes cogito.',_binary '1'),(5,'2023-05-11 21:02:01','Bryan Renner Sr.','Joseph_Heller36@anymail.com','1-747-302-6009 x75456','Calculus.','Vinum dolore caput desolo tamdiu decor. Ager temporibus vos inventore barba cupio attero tantum.',_binary '0'),(6,'2023-08-17 01:43:29','Enrique Hammes','Larry81@anymail.com','607-672-0894 x88542','Laborum.','Architecto theatrum arca solio inventore verus una votum dignissimos. Vereor apto stultus terebro dolores.',_binary '1'),(7,'2023-08-30 12:38:16','Whitney Walter DDS','Dakota.Wiegand@anymail.com','(512) 365-4359','Vox solum.','Est tendo curo eaque suppellex nisi architecto beatae. Iusto nobis aetas aegrus thesaurus viridis territo coruscus labore. Ustilo vobis eaque assentator crux tego vox corrumpo commemoro acquiro.',_binary '1'),(8,'2023-02-15 01:12:14','Glenn Ernser','Maye72@anymail.com','346.943.3558 x720','Avaritia ubi.','Iure commodo vilicus speciosus colligo agnosco auctus currus sint. Occaecati spes decerno quaerat quam.',_binary '1'),(9,'2023-09-26 03:12:28','Melvin Dickinson','Austyn.Durgan22@anymail.com','(383) 337-7249','Curto.','Arx voco adicio ascit. Vulgaris dedico impedit venia auxilium corroboro.',_binary '1'),(10,'2023-04-15 20:21:13','Billie Monahan','Zola0@anymail.com','435-426-5925 x686','Aeternus calco sopor.','Auctor ocer ipsa.',_binary '0');
/*!40000 ALTER TABLE `contact` ENABLE KEYS */;
UNLOCK TABLES;

--
-- Table structure for table `photos`
--

DROP TABLE IF EXISTS `photos`;
/*!40101 SET @saved_cs_client     = @@character_set_client */;
/*!50503 SET character_set_client = utf8mb4 */;
CREATE TABLE `photos` (
  `id` int NOT NULL AUTO_INCREMENT,
  `photo_url` varchar(255) NOT NULL,
  `room_id` int NOT NULL,
  PRIMARY KEY (`id`),
  KEY `room_id` (`room_id`),
  CONSTRAINT `photos_ibfk_1` FOREIGN KEY (`room_id`) REFERENCES `room` (`id`) ON DELETE CASCADE ON UPDATE CASCADE
) ENGINE=InnoDB AUTO_INCREMENT=161 DEFAULT CHARSET=utf8mb4 COLLATE=utf8mb4_0900_ai_ci;
/*!40101 SET character_set_client = @saved_cs_client */;

--
-- Dumping data for table `photos`
--

LOCK TABLES `photos` WRITE;
/*!40000 ALTER TABLE `photos` DISABLE KEYS */;
INSERT INTO `photos` VALUES (1,'https://dashboardgeneralassets.s3.eu-west-1.amazonaws.com/Fotos+Dashboard/room1.jpeg',1),(2,'https://dashboardgeneralassets.s3.eu-west-1.amazonaws.com/Fotos+Dashboard/room3.jpeg',2),(3,'https://dashboardgeneralassets.s3.eu-west-1.amazonaws.com/Fotos+Dashboard/room1.jpeg',3),(4,'https://dashboardgeneralassets.s3.eu-west-1.amazonaws.com/Fotos+Dashboard/room4.jpeg',4),(5,'https://dashboardgeneralassets.s3.eu-west-1.amazonaws.com/Fotos+Dashboard/room1.jpeg',5),(6,'https://dashboardgeneralassets.s3.eu-west-1.amazonaws.com/Fotos+Dashboard/room1.jpeg',6),(7,'https://dashboardgeneralassets.s3.eu-west-1.amazonaws.com/Fotos+Dashboard/room4.jpeg',7),(8,'https://dashboardgeneralassets.s3.eu-west-1.amazonaws.com/Fotos+Dashboard/room4.jpeg',8),(9,'https://dashboardgeneralassets.s3.eu-west-1.amazonaws.com/Fotos+Dashboard/room3.jpeg',9),(10,'https://dashboardgeneralassets.s3.eu-west-1.amazonaws.com/Fotos+Dashboard/room2.jpeg',10),(11,'https://dashboardgeneralassets.s3.eu-west-1.amazonaws.com/Fotos+Dashboard/room1.jpeg',11),(12,'https://dashboardgeneralassets.s3.eu-west-1.amazonaws.com/Fotos+Dashboard/room4.jpeg',12),(13,'https://dashboardgeneralassets.s3.eu-west-1.amazonaws.com/Fotos+Dashboard/room4.jpeg',13),(14,'https://dashboardgeneralassets.s3.eu-west-1.amazonaws.com/Fotos+Dashboard/room1.jpeg',14),(15,'https://dashboardgeneralassets.s3.eu-west-1.amazonaws.com/Fotos+Dashboard/room3.jpeg',15),(16,'https://dashboardgeneralassets.s3.eu-west-1.amazonaws.com/Fotos+Dashboard/room2.jpeg',16),(17,'https://dashboardgeneralassets.s3.eu-west-1.amazonaws.com/Fotos+Dashboard/room1.jpeg',17),(18,'https://dashboardgeneralassets.s3.eu-west-1.amazonaws.com/Fotos+Dashboard/room5.jpeg',18),(19,'https://dashboardgeneralassets.s3.eu-west-1.amazonaws.com/Fotos+Dashboard/room2.jpeg',19),(20,'https://dashboardgeneralassets.s3.eu-west-1.amazonaws.com/Fotos+Dashboard/room4.jpeg',20),(21,'https://dashboardgeneralassets.s3.eu-west-1.amazonaws.com/Fotos+Dashboard/room2.jpeg',21),(22,'https://dashboardgeneralassets.s3.eu-west-1.amazonaws.com/Fotos+Dashboard/room5.jpeg',22),(23,'https://dashboardgeneralassets.s3.eu-west-1.amazonaws.com/Fotos+Dashboard/room3.jpeg',23),(24,'https://dashboardgeneralassets.s3.eu-west-1.amazonaws.com/Fotos+Dashboard/room5.jpeg',24),(25,'https://dashboardgeneralassets.s3.eu-west-1.amazonaws.com/Fotos+Dashboard/room5.jpeg',25),(26,'https://dashboardgeneralassets.s3.eu-west-1.amazonaws.com/Fotos+Dashboard/room1.jpeg',26),(27,'https://dashboardgeneralassets.s3.eu-west-1.amazonaws.com/Fotos+Dashboard/room2.jpeg',27),(28,'https://dashboardgeneralassets.s3.eu-west-1.amazonaws.com/Fotos+Dashboard/room3.jpeg',28),(29,'https://dashboardgeneralassets.s3.eu-west-1.amazonaws.com/Fotos+Dashboard/room2.jpeg',29),(30,'https://dashboardgeneralassets.s3.eu-west-1.amazonaws.com/Fotos+Dashboard/room1.jpeg',30),(31,'https://dashboardgeneralassets.s3.eu-west-1.amazonaws.com/Fotos+Dashboard/room5.jpeg',31),(32,'https://dashboardgeneralassets.s3.eu-west-1.amazonaws.com/Fotos+Dashboard/room1.jpeg',32),(33,'https://dashboardgeneralassets.s3.eu-west-1.amazonaws.com/Fotos+Dashboard/room2.jpeg',33),(34,'https://dashboardgeneralassets.s3.eu-west-1.amazonaws.com/Fotos+Dashboard/room2.jpeg',34),(35,'https://dashboardgeneralassets.s3.eu-west-1.amazonaws.com/Fotos+Dashboard/room3.jpeg',35),(36,'https://dashboardgeneralassets.s3.eu-west-1.amazonaws.com/Fotos+Dashboard/room4.jpeg',36),(37,'https://dashboardgeneralassets.s3.eu-west-1.amazonaws.com/Fotos+Dashboard/room1.jpeg',37),(38,'https://dashboardgeneralassets.s3.eu-west-1.amazonaws.com/Fotos+Dashboard/room5.jpeg',38),(39,'https://dashboardgeneralassets.s3.eu-west-1.amazonaws.com/Fotos+Dashboard/room2.jpeg',39),(40,'https://dashboardgeneralassets.s3.eu-west-1.amazonaws.com/Fotos+Dashboard/room4.jpeg',40),(41,'https://dashboardgeneralassets.s3.eu-west-1.amazonaws.com/Fotos+Dashboard/room5.jpeg',41),(42,'https://dashboardgeneralassets.s3.eu-west-1.amazonaws.com/Fotos+Dashboard/room3.jpeg',42),(43,'https://dashboardgeneralassets.s3.eu-west-1.amazonaws.com/Fotos+Dashboard/room4.jpeg',43),(44,'https://dashboardgeneralassets.s3.eu-west-1.amazonaws.com/Fotos+Dashboard/room4.jpeg',44),(45,'https://dashboardgeneralassets.s3.eu-west-1.amazonaws.com/Fotos+Dashboard/room3.jpeg',45),(46,'https://dashboardgeneralassets.s3.eu-west-1.amazonaws.com/Fotos+Dashboard/room4.jpeg',46),(47,'https://dashboardgeneralassets.s3.eu-west-1.amazonaws.com/Fotos+Dashboard/room2.jpeg',47),(48,'https://dashboardgeneralassets.s3.eu-west-1.amazonaws.com/Fotos+Dashboard/room4.jpeg',48),(49,'https://dashboardgeneralassets.s3.eu-west-1.amazonaws.com/Fotos+Dashboard/room3.jpeg',49),(50,'https://dashboardgeneralassets.s3.eu-west-1.amazonaws.com/Fotos+Dashboard/room3.jpeg',50),(51,'https://dashboardgeneralassets.s3.eu-west-1.amazonaws.com/Fotos+Dashboard/room2.jpeg',51),(52,'https://dashboardgeneralassets.s3.eu-west-1.amazonaws.com/Fotos+Dashboard/room3.jpeg',52),(53,'https://dashboardgeneralassets.s3.eu-west-1.amazonaws.com/Fotos+Dashboard/room1.jpeg',53),(54,'https://dashboardgeneralassets.s3.eu-west-1.amazonaws.com/Fotos+Dashboard/room3.jpeg',54),(55,'https://dashboardgeneralassets.s3.eu-west-1.amazonaws.com/Fotos+Dashboard/room3.jpeg',55),(56,'https://dashboardgeneralassets.s3.eu-west-1.amazonaws.com/Fotos+Dashboard/room5.jpeg',56),(57,'https://dashboardgeneralassets.s3.eu-west-1.amazonaws.com/Fotos+Dashboard/room4.jpeg',57),(58,'https://dashboardgeneralassets.s3.eu-west-1.amazonaws.com/Fotos+Dashboard/room4.jpeg',58),(59,'https://dashboardgeneralassets.s3.eu-west-1.amazonaws.com/Fotos+Dashboard/room2.jpeg',59),(60,'https://dashboardgeneralassets.s3.eu-west-1.amazonaws.com/Fotos+Dashboard/room1.jpeg',60),(61,'https://dashboardgeneralassets.s3.eu-west-1.amazonaws.com/Fotos+Dashboard/room1.jpeg',61),(62,'https://dashboardgeneralassets.s3.eu-west-1.amazonaws.com/Fotos+Dashboard/room2.jpeg',62),(63,'https://dashboardgeneralassets.s3.eu-west-1.amazonaws.com/Fotos+Dashboard/room4.jpeg',63),(64,'https://dashboardgeneralassets.s3.eu-west-1.amazonaws.com/Fotos+Dashboard/room5.jpeg',64),(65,'https://dashboardgeneralassets.s3.eu-west-1.amazonaws.com/Fotos+Dashboard/room5.jpeg',65),(66,'https://dashboardgeneralassets.s3.eu-west-1.amazonaws.com/Fotos+Dashboard/room5.jpeg',66),(67,'https://dashboardgeneralassets.s3.eu-west-1.amazonaws.com/Fotos+Dashboard/room4.jpeg',67),(68,'https://dashboardgeneralassets.s3.eu-west-1.amazonaws.com/Fotos+Dashboard/room1.jpeg',68),(69,'https://dashboardgeneralassets.s3.eu-west-1.amazonaws.com/Fotos+Dashboard/room4.jpeg',69),(70,'https://dashboardgeneralassets.s3.eu-west-1.amazonaws.com/Fotos+Dashboard/room5.jpeg',70),(71,'https://dashboardgeneralassets.s3.eu-west-1.amazonaws.com/Fotos+Dashboard/room2.jpeg',71),(72,'https://dashboardgeneralassets.s3.eu-west-1.amazonaws.com/Fotos+Dashboard/room2.jpeg',72),(73,'https://dashboardgeneralassets.s3.eu-west-1.amazonaws.com/Fotos+Dashboard/room1.jpeg',73),(74,'https://dashboardgeneralassets.s3.eu-west-1.amazonaws.com/Fotos+Dashboard/room3.jpeg',74),(75,'https://dashboardgeneralassets.s3.eu-west-1.amazonaws.com/Fotos+Dashboard/room3.jpeg',75),(76,'https://dashboardgeneralassets.s3.eu-west-1.amazonaws.com/Fotos+Dashboard/room5.jpeg',76),(77,'https://dashboardgeneralassets.s3.eu-west-1.amazonaws.com/Fotos+Dashboard/room4.jpeg',77),(78,'https://dashboardgeneralassets.s3.eu-west-1.amazonaws.com/Fotos+Dashboard/room3.jpeg',78),(79,'https://dashboardgeneralassets.s3.eu-west-1.amazonaws.com/Fotos+Dashboard/room3.jpeg',79),(80,'https://dashboardgeneralassets.s3.eu-west-1.amazonaws.com/Fotos+Dashboard/room1.jpeg',80),(81,'https://dashboardgeneralassets.s3.eu-west-1.amazonaws.com/Fotos+Dashboard/room3.jpeg',81),(82,'https://dashboardgeneralassets.s3.eu-west-1.amazonaws.com/Fotos+Dashboard/room4.jpeg',82),(83,'https://dashboardgeneralassets.s3.eu-west-1.amazonaws.com/Fotos+Dashboard/room1.jpeg',83),(84,'https://dashboardgeneralassets.s3.eu-west-1.amazonaws.com/Fotos+Dashboard/room2.jpeg',84),(85,'https://dashboardgeneralassets.s3.eu-west-1.amazonaws.com/Fotos+Dashboard/room1.jpeg',85),(86,'https://dashboardgeneralassets.s3.eu-west-1.amazonaws.com/Fotos+Dashboard/room3.jpeg',86),(87,'https://dashboardgeneralassets.s3.eu-west-1.amazonaws.com/Fotos+Dashboard/room1.jpeg',87),(88,'https://dashboardgeneralassets.s3.eu-west-1.amazonaws.com/Fotos+Dashboard/room1.jpeg',88),(89,'https://dashboardgeneralassets.s3.eu-west-1.amazonaws.com/Fotos+Dashboard/room5.jpeg',89),(90,'https://dashboardgeneralassets.s3.eu-west-1.amazonaws.com/Fotos+Dashboard/room3.jpeg',90),(91,'https://dashboardgeneralassets.s3.eu-west-1.amazonaws.com/Fotos+Dashboard/room4.jpeg',91),(92,'https://dashboardgeneralassets.s3.eu-west-1.amazonaws.com/Fotos+Dashboard/room5.jpeg',92),(93,'https://dashboardgeneralassets.s3.eu-west-1.amazonaws.com/Fotos+Dashboard/room2.jpeg',93),(94,'https://dashboardgeneralassets.s3.eu-west-1.amazonaws.com/Fotos+Dashboard/room5.jpeg',94),(95,'https://dashboardgeneralassets.s3.eu-west-1.amazonaws.com/Fotos+Dashboard/room4.jpeg',95),(96,'https://dashboardgeneralassets.s3.eu-west-1.amazonaws.com/Fotos+Dashboard/room2.jpeg',96),(97,'https://dashboardgeneralassets.s3.eu-west-1.amazonaws.com/Fotos+Dashboard/room5.jpeg',97),(98,'https://dashboardgeneralassets.s3.eu-west-1.amazonaws.com/Fotos+Dashboard/room3.jpeg',98),(99,'https://dashboardgeneralassets.s3.eu-west-1.amazonaws.com/Fotos+Dashboard/room2.jpeg',99),(100,'https://dashboardgeneralassets.s3.eu-west-1.amazonaws.com/Fotos+Dashboard/room4.jpeg',100),(101,'https://dashboardgeneralassets.s3.eu-west-1.amazonaws.com/Fotos+Dashboard/room4.jpeg',101),(102,'https://dashboardgeneralassets.s3.eu-west-1.amazonaws.com/Fotos+Dashboard/room3.jpeg',102),(103,'https://dashboardgeneralassets.s3.eu-west-1.amazonaws.com/Fotos+Dashboard/room3.jpeg',103),(104,'https://dashboardgeneralassets.s3.eu-west-1.amazonaws.com/Fotos+Dashboard/room5.jpeg',104),(105,'https://dashboardgeneralassets.s3.eu-west-1.amazonaws.com/Fotos+Dashboard/room1.jpeg',105),(106,'https://dashboardgeneralassets.s3.eu-west-1.amazonaws.com/Fotos+Dashboard/room1.jpeg',106),(107,'https://dashboardgeneralassets.s3.eu-west-1.amazonaws.com/Fotos+Dashboard/room5.jpeg',107),(108,'https://dashboardgeneralassets.s3.eu-west-1.amazonaws.com/Fotos+Dashboard/room4.jpeg',108),(109,'https://dashboardgeneralassets.s3.eu-west-1.amazonaws.com/Fotos+Dashboard/room2.jpeg',109),(110,'https://dashboardgeneralassets.s3.eu-west-1.amazonaws.com/Fotos+Dashboard/room4.jpeg',110),(111,'https://dashboardgeneralassets.s3.eu-west-1.amazonaws.com/Fotos+Dashboard/room5.jpeg',111),(112,'https://dashboardgeneralassets.s3.eu-west-1.amazonaws.com/Fotos+Dashboard/room2.jpeg',112),(113,'https://dashboardgeneralassets.s3.eu-west-1.amazonaws.com/Fotos+Dashboard/room4.jpeg',113),(114,'https://dashboardgeneralassets.s3.eu-west-1.amazonaws.com/Fotos+Dashboard/room1.jpeg',114),(115,'https://dashboardgeneralassets.s3.eu-west-1.amazonaws.com/Fotos+Dashboard/room2.jpeg',115),(116,'https://dashboardgeneralassets.s3.eu-west-1.amazonaws.com/Fotos+Dashboard/room5.jpeg',116),(117,'https://dashboardgeneralassets.s3.eu-west-1.amazonaws.com/Fotos+Dashboard/room2.jpeg',117),(118,'https://dashboardgeneralassets.s3.eu-west-1.amazonaws.com/Fotos+Dashboard/room3.jpeg',118),(119,'https://dashboardgeneralassets.s3.eu-west-1.amazonaws.com/Fotos+Dashboard/room2.jpeg',119),(120,'https://dashboardgeneralassets.s3.eu-west-1.amazonaws.com/Fotos+Dashboard/room5.jpeg',120),(121,'https://dashboardgeneralassets.s3.eu-west-1.amazonaws.com/Fotos+Dashboard/room1.jpeg',121),(122,'https://dashboardgeneralassets.s3.eu-west-1.amazonaws.com/Fotos+Dashboard/room1.jpeg',122),(123,'https://dashboardgeneralassets.s3.eu-west-1.amazonaws.com/Fotos+Dashboard/room3.jpeg',123),(124,'https://dashboardgeneralassets.s3.eu-west-1.amazonaws.com/Fotos+Dashboard/room5.jpeg',124),(125,'https://dashboardgeneralassets.s3.eu-west-1.amazonaws.com/Fotos+Dashboard/room5.jpeg',125),(126,'https://dashboardgeneralassets.s3.eu-west-1.amazonaws.com/Fotos+Dashboard/room2.jpeg',126),(127,'https://dashboardgeneralassets.s3.eu-west-1.amazonaws.com/Fotos+Dashboard/room4.jpeg',127),(128,'https://dashboardgeneralassets.s3.eu-west-1.amazonaws.com/Fotos+Dashboard/room1.jpeg',128),(129,'https://dashboardgeneralassets.s3.eu-west-1.amazonaws.com/Fotos+Dashboard/room3.jpeg',129),(130,'https://dashboardgeneralassets.s3.eu-west-1.amazonaws.com/Fotos+Dashboard/room4.jpeg',130),(131,'https://dashboardgeneralassets.s3.eu-west-1.amazonaws.com/Fotos+Dashboard/room4.jpeg',131),(132,'https://dashboardgeneralassets.s3.eu-west-1.amazonaws.com/Fotos+Dashboard/room5.jpeg',132),(133,'https://dashboardgeneralassets.s3.eu-west-1.amazonaws.com/Fotos+Dashboard/room1.jpeg',133),(134,'https://dashboardgeneralassets.s3.eu-west-1.amazonaws.com/Fotos+Dashboard/room3.jpeg',134),(135,'https://dashboardgeneralassets.s3.eu-west-1.amazonaws.com/Fotos+Dashboard/room1.jpeg',135),(136,'https://dashboardgeneralassets.s3.eu-west-1.amazonaws.com/Fotos+Dashboard/room5.jpeg',136),(137,'https://dashboardgeneralassets.s3.eu-west-1.amazonaws.com/Fotos+Dashboard/room1.jpeg',137),(138,'https://dashboardgeneralassets.s3.eu-west-1.amazonaws.com/Fotos+Dashboard/room5.jpeg',138),(139,'https://dashboardgeneralassets.s3.eu-west-1.amazonaws.com/Fotos+Dashboard/room5.jpeg',139),(140,'https://dashboardgeneralassets.s3.eu-west-1.amazonaws.com/Fotos+Dashboard/room5.jpeg',140),(141,'https://dashboardgeneralassets.s3.eu-west-1.amazonaws.com/Fotos+Dashboard/room3.jpeg',141),(142,'https://dashboardgeneralassets.s3.eu-west-1.amazonaws.com/Fotos+Dashboard/room5.jpeg',142),(143,'https://dashboardgeneralassets.s3.eu-west-1.amazonaws.com/Fotos+Dashboard/room5.jpeg',143),(144,'https://dashboardgeneralassets.s3.eu-west-1.amazonaws.com/Fotos+Dashboard/room5.jpeg',144),(145,'https://dashboardgeneralassets.s3.eu-west-1.amazonaws.com/Fotos+Dashboard/room1.jpeg',145),(146,'https://dashboardgeneralassets.s3.eu-west-1.amazonaws.com/Fotos+Dashboard/room4.jpeg',146),(147,'https://dashboardgeneralassets.s3.eu-west-1.amazonaws.com/Fotos+Dashboard/room1.jpeg',147),(148,'https://dashboardgeneralassets.s3.eu-west-1.amazonaws.com/Fotos+Dashboard/room4.jpeg',148),(149,'https://dashboardgeneralassets.s3.eu-west-1.amazonaws.com/Fotos+Dashboard/room2.jpeg',149),(150,'https://dashboardgeneralassets.s3.eu-west-1.amazonaws.com/Fotos+Dashboard/room5.jpeg',150),(151,'https://dashboardgeneralassets.s3.eu-west-1.amazonaws.com/Fotos+Dashboard/room4.jpeg',151),(152,'https://dashboardgeneralassets.s3.eu-west-1.amazonaws.com/Fotos+Dashboard/room3.jpeg',152),(153,'https://dashboardgeneralassets.s3.eu-west-1.amazonaws.com/Fotos+Dashboard/room4.jpeg',153),(154,'https://dashboardgeneralassets.s3.eu-west-1.amazonaws.com/Fotos+Dashboard/room1.jpeg',154),(155,'https://dashboardgeneralassets.s3.eu-west-1.amazonaws.com/Fotos+Dashboard/room1.jpeg',155),(156,'https://dashboardgeneralassets.s3.eu-west-1.amazonaws.com/Fotos+Dashboard/room5.jpeg',156),(157,'https://dashboardgeneralassets.s3.eu-west-1.amazonaws.com/Fotos+Dashboard/room3.jpeg',157),(158,'https://dashboardgeneralassets.s3.eu-west-1.amazonaws.com/Fotos+Dashboard/room1.jpeg',158),(159,'https://dashboardgeneralassets.s3.eu-west-1.amazonaws.com/Fotos+Dashboard/room5.jpeg',159),(160,'https://dashboardgeneralassets.s3.eu-west-1.amazonaws.com/Fotos+Dashboard/room5.jpeg',160);
/*!40000 ALTER TABLE `photos` ENABLE KEYS */;
UNLOCK TABLES;

--
-- Table structure for table `room`
--

DROP TABLE IF EXISTS `room`;
/*!40101 SET @saved_cs_client     = @@character_set_client */;
/*!50503 SET character_set_client = utf8mb4 */;
CREATE TABLE `room` (
  `id` int NOT NULL AUTO_INCREMENT,
  `number` varchar(10) NOT NULL,
  `type` varchar(45) NOT NULL,
  `description` varchar(255) NOT NULL,
  `price` int NOT NULL,
  `discount` int NOT NULL,
  `availability` varchar(45) NOT NULL,
  PRIMARY KEY (`id`)
) ENGINE=InnoDB AUTO_INCREMENT=161 DEFAULT CHARSET=utf8mb4 COLLATE=utf8mb4_0900_ai_ci;
/*!40101 SET character_set_client = @saved_cs_client */;

--
-- Dumping data for table `room`
--

LOCK TABLES `room` WRITE;
/*!40000 ALTER TABLE `room` DISABLE KEYS */;
INSERT INTO `room` VALUES (1,'185','Double Superior','Conculco timidus veritas suasoria constans quasi cimentarius corrigo illo nesciunt alienus ipsa.',273,25,'Available'),(2,'209','Suite','Tremo comis dignissimos umerus inflammatio aedificium officiis laboriosam communis comptus vapulus.',275,15,'Available'),(3,'216','Double Superior','Defaeco cunae stella in adulatio advenio asporto terminatio sunt tempore sol voluntarius.',176,0,'Booked'),(4,'166','Suite','Arma spiculum vomito auctor vorax concedo harum testimonium crepusculum ater.',273,30,'Booked'),(5,'137','Suite','Adflicto comprehendo urbs beatus textilis patior deputo sodalitas corrumpo spiculum utor.',225,0,'Booked'),(6,'184','Double Room','Cognomen triumphus summisse delego comparo ulterius esse depopulo quidem clementia earum.',274,0,'Booked'),(7,'129','Double Room','Totus fugiat acquiro statua statim ustilo exercitationem vilis dolores videlicet admitto.',112,20,'Available'),(8,'159','Double Superior','Iusto suffoco comminor amaritudo tubineus uterque corrigo volo vallum spiritus patria ipsum.',294,10,'Booked'),(9,'174','Suite','Adaugeo vox aut suus statim atque terror suffragium aureus virgo annus.',149,0,'Available'),(10,'299','Suite','Spes adsidue peior tribuo tui comedo tracto triduana vix amaritudo adipisci.',267,0,'Available'),(11,'289','Single Room','Alienus acer verecundia deporto derideo supplanto curriculum aggredior error crux aestus cunae.',249,10,'Available'),(12,'215','Suite','Deprimo copiose victoria vaco undique utrum umbra baiulus amplitudo sequi quae.',250,0,'Booked'),(13,'157','Double Superior','Vero defungo trucido vorax vilitas abstergo annus stillicidium stips velit cursim.',117,10,'Booked'),(14,'165','Double Room','Varius nostrum accusamus demulceo synagoga adiuvo administratio celer sono acidus vomer.',199,25,'Booked'),(15,'283','Single Room','Denuncio advoco angelus demum cresco suasoria contego cogo pecus confero amoveo.',253,20,'Booked'),(16,'293','Single Room','Conor cursus arbor subnecto socius iste molestias aeneus calcar torqueo.',288,0,'Available'),(17,'253','Double Superior','Viduo xiphias ubi consequatur dolores defungo corrumpo bardus culpa libero.',101,5,'Booked'),(18,'247','Double Room','Uter vomer utrimque aperte arcus repellat vacuus utor attero claudeo.',197,0,'Available'),(19,'260','Double Superior','Cattus acidus est vesper abundans culpa impedit confero uxor audacia tantum adhaero.',246,5,'Available'),(20,'168','Single Room','Aegrus crastinus debilito sonitus cruentus ex vulnero crux ancilla vito.',201,0,'Available'),(21,'173','Double Room','Qui speculum ascit valeo officia paens sunt consuasor sint blandior coruscus callide.',126,10,'Available'),(22,'259','Single Room','Cruciamentum atque est consequuntur decipio nulla animadverto sub crastinus stipes deleniti.',114,0,'Available'),(23,'132','Suite','Thermae accendo astrum condico una suppellex decet comedo volubilis coniecto attonbitus blandior.',205,10,'Booked'),(24,'276','Suite','Universe angelus undique patria delectatio alioqui universe culpa dignissimos delibero virtus patrocinor.',113,5,'Available'),(25,'153','Single Room','Bos truculenter tam laudantium cibus debeo confero caste vilitas vir placeat cupiditas.',125,20,'Booked'),(26,'218','Double Room','Voveo altus tenax cogito laboriosam pecco tactus contego deputo subvenio umerus arcesso.',206,0,'Booked'),(27,'299','Double Room','Spargo amicitia stultus canonicus copiose arbor pax eum aegrotatio itaque.',154,0,'Booked'),(28,'110','Single Room','Thymbra clarus tepidus sublime capto depulso acceptus pariatur cibo vel.',177,30,'Available'),(29,'105','Single Room','Torqueo quae universe varius sequi amet autus earum copia cogito aeneus.',146,0,'Available'),(30,'286','Double Superior','Cedo cedo timidus cena sollicito fugit temperantia terreo cimentarius cornu sponte aestus.',223,0,'Booked'),(31,'158','Single Room','Audacia quam cetera sub sublime despecto acer impedit appono conitor adipiscor.',259,15,'Booked'),(32,'284','Double Room','Viduo degusto suffoco abscido colligo tenuis artificiose audio cado accedo ventus quibusdam.',265,0,'Booked'),(33,'242','Single Room','Bis crebro est degusto terra subseco suppono peccatus strues tempore suscipio conscendo.',124,30,'Available'),(34,'139','Double Superior','Via nostrum decumbo officiis est doloribus dicta argumentum coaegresco ter nisi volubilis.',243,5,'Booked'),(35,'153','Single Room','Animus reprehenderit ulciscor tergo varietas convoco quidem ratione et dolor sono.',208,0,'Available'),(36,'196','Single Room','Tenus ipsa nam armarium vergo excepturi suppellex adopto aperio autem.',285,0,'Available'),(37,'141','Suite','Decet vicissitudo acervus doloremque color pectus appositus deinde super paulatim valens amaritudo.',186,30,'Available'),(38,'120','Double Room','Aestivus strues assentator calculus accendo ipsum ambitus curto copia verbum.',296,0,'Available'),(39,'198','Double Superior','Accedo asper conventus admitto currus caries suspendo canis libero ancilla.',294,0,'Available'),(40,'101','Single Room','Cupressus cornu cursus ager vere vae debeo tam assentator et.',212,20,'Available'),(41,'280','Single Room','Debitis explicabo absorbeo tergiversatio coadunatio nesciunt arbor cado verbum amet officiis.',189,15,'Booked'),(42,'107','Single Room','Optio dolorum coniuratio voluptates aufero in thymum color dolor solus.',133,20,'Available'),(43,'217','Suite','Termes turpis volubilis tristis subseco crastinus laudantium vereor auctor subnecto alter.',161,0,'Available'),(44,'279','Double Room','Desidero depulso advenio unde conqueror cupiditas curiositas ipsum utilis conduco talio aperio.',299,0,'Booked'),(45,'179','Double Superior','Cognatus utrimque tibi templum commodi collum turbo canis surculus cuius deficio maiores.',171,0,'Available'),(46,'255','Suite','Attollo conculco venustas tersus totidem complectus exercitationem antepono trans deleniti cultura praesentium.',102,20,'Booked'),(47,'288','Double Superior','Viridis alter cuppedia decumbo absum aestivus substantia quasi esse sonitus cultellus.',108,0,'Available'),(48,'298','Single Room','Tero expedita temeritas vomer sum coadunatio volup architecto id accusator.',138,0,'Booked'),(49,'107','Single Room','Tantum tener aqua ex ater comminor porro crebro ipsam sit aequitas complectus.',184,0,'Booked'),(50,'196','Double Superior','Condico aperiam aspernatur usitas quidem cur culpo nihil adsidue denego.',213,0,'Booked'),(51,'160','Double Superior','Auxilium ventito veniam validus eius aveho veritatis ultio desino teres pecco.',255,5,'Available'),(52,'113','Double Room','Crebro bene delectus pel damnatio compono repellendus communis alii cedo ceno.',281,15,'Available'),(53,'242','Single Room','Alienus subnecto varietas solium cursus ager coniecto comes tabula balbus patria vere.',138,0,'Booked'),(54,'106','Double Superior','Patria arto civitas sufficio omnis ascisco adopto minima bene tergiversatio despecto.',218,0,'Booked'),(55,'278','Double Superior','Absque adsidue altus verumtamen ascisco minima corrupti validus confido abstergo spoliatio.',158,20,'Booked'),(56,'231','Single Room','Sapiente sub cibo tantillus caute distinctio debilito tum depereo cohibeo suffoco vehemens.',130,0,'Available'),(57,'244','Double Room','Alienus celer canto expedita spiculum ars talio timidus ver textus vox.',152,0,'Available'),(58,'160','Single Room','Suffoco degusto anser demitto acquiro candidus corporis carus bellum patria depereo.',154,30,'Booked'),(59,'203','Single Room','Facilis voco caute chirographum deprimo quas ulciscor admitto antiquus vomica.',235,20,'Available'),(60,'132','Suite','Ocer beatae tres claro consectetur nisi nesciunt dicta ex adicio quae aperiam.',124,0,'Available'),(61,'269','Double Superior','Aveho aperio defaeco calco sollers nulla suggero termes cunae terebro neque.',260,25,'Available'),(62,'270','Double Room','Suus tum credo eveniet amplitudo demoror patior verbera temperantia tergo copia.',137,0,'Booked'),(63,'178','Single Room','Sulum hic synagoga basium tergeo appositus voluptatum animi comitatus vereor clarus.',148,25,'Booked'),(64,'107','Suite','Tempora acsi tyrannus tenax depereo eveniet aggredior cursus temptatio astrum asporto.',265,0,'Booked'),(65,'133','Double Room','Deduco cilicium vitae sperno tertius crinis velociter utor tener advoco.',234,20,'Available'),(66,'130','Double Superior','Aqua tamquam aggero caute arx accusantium deficio vobis spes audio valens.',150,15,'Booked'),(67,'297','Suite','Sto cultellus adflicto nam magnam adfectus aeger ocer cibo teneo.',138,25,'Booked'),(68,'193','Suite','Cresco tempus illo adipisci corrumpo corrigo deinde via laudantium consequatur textilis soleo.',153,0,'Available'),(69,'186','Double Superior','Ago atqui veritatis alioqui cui distinctio curriculum cupiditate circumvenio astrum taedium ambitus.',138,0,'Booked'),(70,'112','Suite','Acsi velum accusantium aduro canis coruscus cunctatio magni tamquam fuga.',124,0,'Available'),(71,'132','Single Room','Excepturi nisi civitas sufficio ea temperantia statua somniculosus cotidie creta.',185,0,'Booked'),(72,'297','Suite','Tubineus officiis tibi rerum conatus verto umbra repudiandae vigilo tergum conventus.',238,0,'Available'),(73,'151','Double Room','Vallum caelum ea acsi spoliatio virgo dolores desipio absconditus terminatio curia.',229,0,'Available'),(74,'149','Single Room','Argentum deduco tamquam vaco curtus tutis aut conservo tertius nisi.',126,10,'Available'),(75,'281','Double Room','Amaritudo repellendus curvo cervus caecus vigilo nostrum triumphus modi autus.',283,0,'Booked'),(76,'120','Suite','Abutor video teres perspiciatis denego carmen virtus carmen deinde cras veritas defungo.',129,15,'Available'),(77,'188','Double Superior','Nobis valeo pax calculus vacuus anser adaugeo somnus eius damno.',213,25,'Available'),(78,'159','Suite','Stultus auctus arx deputo deinde suscipit cras aequus voluptatem carpo adopto creta.',123,25,'Booked'),(79,'125','Single Room','Accendo tendo texo sollers vobis depraedor deduco decimus turbo deleo defleo.',175,5,'Available'),(80,'297','Single Room','Decens armarium adipisci custodia taceo vindico curis ambitus contigo turpis aiunt.',286,0,'Booked'),(81,'248','Suite','Vereor vicissitudo caelum solus viscus sollicito solus verbum condico supra calcar.',155,0,'Booked'),(82,'287','Double Room','Villa sint pecto una caries varietas sollicito tam appono blanditiis appello.',129,0,'Available'),(83,'104','Suite','Defleo libero utor theca dens corrumpo tutamen doloribus somniculosus cunctatio texo.',135,25,'Available'),(84,'104','Double Room','Amaritudo clarus ustulo theologus dignissimos necessitatibus vigilo baiulus adinventitias sollicito eius.',106,10,'Available'),(85,'141','Double Superior','Conitor dolor verecundia cervus bardus attonbitus brevis ullus ante arcesso.',263,20,'Available'),(86,'113','Double Room','Soluta decimus suscipio tui curriculum tergiversatio nostrum error volaticus vester deprecator.',153,0,'Booked'),(87,'224','Double Room','Coruscus condico vitium accommodo virgo adversus adiuvo volo congregatio crebro vilicus voluptatum.',206,0,'Available'),(88,'125','Double Superior','Amaritudo vaco tendo thesaurus ab complectus succedo argentum ager conduco convoco comminor.',126,0,'Booked'),(89,'242','Double Superior','Acsi uter copiose pectus ter assumenda cito causa vox usitas tenus.',253,15,'Booked'),(90,'108','Double Superior','Viduo tenuis deinde argentum verumtamen vehemens denique alveus clarus caelestis.',271,20,'Available'),(91,'264','Single Room','Terebro claustrum sopor necessitatibus amo vestrum soleo ceno caries canonicus comes.',218,0,'Available'),(92,'249','Double Superior','Cursus culpo administratio corrumpo tamdiu vulariter contigo solvo asper coniuratio.',291,0,'Booked'),(93,'161','Suite','Maiores bis comedo nihil conqueror tibi venia curriculum aranea xiphias.',207,5,'Booked'),(94,'180','Single Room','Aurum uberrime corporis tutis cuius tersus tui vis clarus basium valetudo.',155,15,'Booked'),(95,'158','Double Room','Barba usitas volaticus sophismata currus accusamus desparatus abduco depulso ventosus laudantium.',284,0,'Available'),(96,'105','Single Room','Demitto creator caute ciminatio urbanus careo cernuus uter decretum beatae.',133,0,'Available'),(97,'120','Double Room','Ventosus tergeo cotidie sufficio vestigium vapulus velut cribro tardus crur crustulum.',103,0,'Booked'),(98,'256','Single Room','Amoveo ventito cinis enim suggero corrumpo abutor tergum totam aliqua tersus.',234,25,'Available'),(99,'258','Suite','Maxime vetus undique terga uter asper vilitas cimentarius complectus dolorem deripio.',272,0,'Available'),(100,'284','Suite','Summa voluptatum vespillo argumentum admoveo ipsam tempora claustrum vinco demoror.',209,15,'Available'),(101,'261','Single Room','At tenus adaugeo defluo aveho turpis officiis cimentarius delego conscendo voluptatibus somnus.',164,10,'Booked'),(102,'140','Suite','Vulnus sortitus utpote talis theologus aequus virtus casso compono atavus tutis.',222,0,'Available'),(103,'143','Double Superior','Totam verus veritatis porro aqua cupressus condico quibusdam amiculum capitulus canis charisma.',249,30,'Available'),(104,'157','Double Superior','Provident viscus strenuus magni appello totam benigne capto videlicet ciminatio.',121,10,'Booked'),(105,'112','Suite','Clementia deporto crepusculum velut vestrum id comes traho solitudo comprehendo.',285,0,'Booked'),(106,'179','Suite','Vita tepidus admoneo consectetur quo ventosus denego denuncio corrupti sed vaco.',161,15,'Booked'),(107,'208','Suite','Voluptatum numquam trepide sulum crapula aperiam ut quam adulescens a degusto.',125,10,'Booked'),(108,'185','Double Room','Pax credo voluptatum vulgivagus laborum cohibeo curo vulnero subnecto bis.',250,0,'Booked'),(109,'268','Double Room','Cito delibero defluo accusamus ullus exercitationem vobis patruus abutor cura vindico.',209,0,'Booked'),(110,'163','Double Room','Demergo curriculum civitas vitiosus commodi ter vilicus defessus nesciunt conculco.',126,25,'Booked'),(111,'157','Double Room','Velit in spiculum solitudo volva deripio modi censura bos arbustum tristis desolo.',141,20,'Booked'),(112,'233','Double Superior','Solio circumvenio nisi hic callide celebrer complectus ex solitudo acquiro.',198,0,'Booked'),(113,'166','Suite','Vita conspergo cibus colo cura vere ultio arca derideo tempora cauda.',276,10,'Available'),(114,'219','Double Superior','Sollers laudantium utroque fuga validus bene conforto conturbo neque considero.',173,0,'Available'),(115,'211','Double Superior','Strues in cervus uberrime arbustum versus quos auditor timor acquiro magni.',264,30,'Available'),(116,'218','Single Room','Solitudo dapifer tersus surculus tamdiu advoco uberrime currus assentator volva caelum.',237,30,'Booked'),(117,'295','Single Room','Ascisco decens repellat suus tonsor turbo statim valeo conqueror ter delibero vigilo.',111,25,'Booked'),(118,'117','Suite','Terra alioqui comburo verbum cur ab solio quidem vobis deserunt venia.',207,0,'Available'),(119,'120','Single Room','Volup trado vindico tabella administratio thorax contra caelum traho vulgaris absque.',230,0,'Booked'),(120,'182','Double Superior','Patria vestigium nemo cernuus avarus uberrime tenetur approbo pecto traho inventore defleo.',299,20,'Available'),(121,'206','Double Superior','Tendo verto supellex odio aptus advoco curriculum argentum accommodo votum.',137,0,'Available'),(122,'300','Suite','Deporto bonus omnis tunc hic crur corrumpo libero conduco patria.',270,0,'Booked'),(123,'208','Suite','Campana vos cavus capio aegre tam suppellex delectus teneo corroboro deficio arbitro.',105,0,'Available'),(124,'178','Double Room','Cerno saepe verbum demonstro timidus tui paens corpus apostolus degero.',200,0,'Booked'),(125,'187','Single Room','Surculus depereo acer velit crastinus amet alienus stella colligo aureus facere.',109,0,'Available'),(126,'276','Double Room','Suffoco aetas theologus perspiciatis accendo virtus deleo voluptatem cervus confero aspicio.',272,0,'Booked'),(127,'119','Suite','Natus depopulo abutor atrox deleo illo culpo cattus socius valde.',141,25,'Available'),(128,'283','Double Room','Talio comprehendo solvo curvo depopulo alius voluptate a adinventitias deserunt conqueror.',282,0,'Booked'),(129,'198','Single Room','Tolero careo verecundia adfero varietas nulla vere trado acsi defetiscor aeneus.',194,0,'Available'),(130,'214','Double Superior','Adaugeo colligo aggredior quis theologus praesentium depromo voluptatibus fugiat conicio cedo celer.',175,5,'Available'),(131,'184','Double Room','Vox tyrannus decretum volutabrum vomica cura defetiscor sapiente brevis vulpes deinde.',102,15,'Available'),(132,'239','Single Room','Vulgus deficio tamen damno temeritas caute collum pecto tamisium deprimo.',143,15,'Available'),(133,'298','Single Room','Pauper sapiente argentum admiratio aetas uxor cohibeo viridis timidus bonus.',257,10,'Booked'),(134,'262','Suite','Bibo illo inventore provident argumentum dedecor crapula tempora defluo tutamen accusator.',123,30,'Available'),(135,'120','Single Room','Compello aiunt conitor coniecto aufero ultra catena minus deduco addo ascisco.',213,0,'Booked'),(136,'222','Suite','Eligendi cilicium facere defetiscor spargo audio culpo desolo textor ventito itaque cunabula.',105,0,'Booked'),(137,'222','Double Room','Repudiandae venustas ultra coadunatio uxor volubilis cicuta animus ustilo tristis cubitum libero.',253,20,'Available'),(138,'126','Single Room','Cubo corrigo calcar abeo vulariter sono catena sol defluo stultus solum et.',217,5,'Booked'),(139,'288','Double Superior','Ad consequatur patruus dens supra territo candidus tot cum contabesco tempus molestiae.',179,0,'Available'),(140,'121','Single Room','Denique tremo cupio curriculum suasoria derideo repellendus cotidie viridis bestia deporto coniecto.',140,20,'Available'),(141,'247','Double Room','Ademptio accendo arbitro adnuo claudeo triduana bestia amicitia amaritudo tantum qui demergo.',241,0,'Available'),(142,'141','Suite','Acceptus ulterius defetiscor adsidue tantillus acquiro cibus acquiro demitto vehemens.',240,0,'Available'),(143,'124','Double Superior','Spiculum coadunatio valde avaritia basium cupio expedita benigne armarium vulgaris tutamen.',236,20,'Available'),(144,'185','Single Room','In debeo tenuis quibusdam aptus usitas carus victus curatio cunabula solitudo.',164,0,'Booked'),(145,'238','Double Superior','Cumque amicitia voluntarius celer aut sui conservo denuncio totidem provident.',115,0,'Available'),(146,'288','Double Superior','Sustineo defessus sto clamo clam animi comparo valeo creator eum voveo.',217,15,'Available'),(147,'274','Suite','Tamquam tabella at temeritas demens calamitas sumo circumvenio cito contabesco absque.',193,0,'Booked'),(148,'222','Double Room','Cohors copia copia cito cedo summopere virtus adficio spes amplus averto.',232,10,'Booked'),(149,'217','Double Superior','Tenax arma aestas corrupti depulso ultio tabgo ara valetudo aperte depereo timidus.',240,30,'Booked'),(150,'183','Double Superior','Casso aequitas creo cimentarius decens credo contego xiphias sequi celebrer contego.',158,0,'Booked'),(151,'253','Double Superior','Perspiciatis canto suadeo aliquid termes vis adflicto velociter cognatus crepusculum tabella.',237,25,'Booked'),(152,'168','Suite','Amplus spoliatio succedo venustas desidero tandem ultra caute abduco coerceo.',122,0,'Booked'),(153,'122','Suite','Adhaero cuius nulla terror textus temeritas suffragium bardus ustulo articulus curo cinis.',156,0,'Booked'),(154,'257','Single Room','Alii vivo conservo abstergo vinitor sollicito stella credo atavus summisse.',239,0,'Available'),(155,'191','Suite','Turpis sursum alter natus triumphus cursus cura vulticulus spectaculum demitto summa.',171,0,'Booked'),(156,'153','Double Superior','Cumque derelinquo vestrum demens strues audeo ventus abduco minima verbera aufero decretum.',267,30,'Booked'),(157,'293','Double Room','Crux damno audio paulatim reprehenderit cresco sub aspernatur desparatus ciminatio adulatio.',280,25,'Booked'),(158,'165','Double Superior','Claudeo crudelis toties creta artificiose traho ullam aperiam accusantium solus abundans.',186,0,'Booked'),(159,'145','Suite','Comparo aggredior votum aspicio ater clamo ex occaecati antepono advoco conitor tabula.',131,0,'Available'),(160,'185','Double Room','Acsi voluntarius totus arcesso curatio thalassinus arceo thermae ademptio sto.',266,5,'Available');
/*!40000 ALTER TABLE `room` ENABLE KEYS */;
UNLOCK TABLES;

--
-- Table structure for table `room_amenities`
--

DROP TABLE IF EXISTS `room_amenities`;
/*!40101 SET @saved_cs_client     = @@character_set_client */;
/*!50503 SET character_set_client = utf8mb4 */;
CREATE TABLE `room_amenities` (
  `room_id` int NOT NULL,
  `amenity_id` int NOT NULL,
  KEY `room_id` (`room_id`),
  KEY `amenity_id` (`amenity_id`),
  CONSTRAINT `room_amenities_ibfk_1` FOREIGN KEY (`room_id`) REFERENCES `room` (`id`) ON DELETE CASCADE ON UPDATE CASCADE,
  CONSTRAINT `room_amenities_ibfk_2` FOREIGN KEY (`amenity_id`) REFERENCES `amenity` (`id`)
) ENGINE=InnoDB DEFAULT CHARSET=utf8mb4 COLLATE=utf8mb4_0900_ai_ci;
/*!40101 SET character_set_client = @saved_cs_client */;

--
-- Dumping data for table `room_amenities`
--

LOCK TABLES `room_amenities` WRITE;
/*!40000 ALTER TABLE `room_amenities` DISABLE KEYS */;
INSERT INTO `room_amenities` VALUES (1,1),(1,2),(1,3),(1,4),(1,5),(1,6),(2,1),(2,2),(2,3),(2,4),(2,5),(2,6),(3,1),(3,2),(3,3),(3,4),(3,5),(3,6),(4,1),(4,2),(4,3),(4,4),(4,5),(4,6),(5,1),(5,2),(5,3),(5,4),(5,5),(5,6),(6,1),(6,2),(6,3),(6,4),(6,5),(6,6),(7,1),(7,2),(7,3),(7,4),(7,5),(7,6),(8,1),(8,2),(8,3),(8,4),(8,5),(8,6),(9,1),(9,2),(9,3),(9,4),(9,5),(9,6),(10,1),(10,2),(10,3),(10,4),(10,5),(10,6),(11,1),(11,2),(11,3),(11,4),(11,5),(11,6),(12,1),(12,2),(12,3),(12,4),(12,5),(12,6),(13,1),(13,2),(13,3),(13,4),(13,5),(13,6),(14,1),(14,2),(14,3),(14,4),(14,5),(14,6),(15,1),(15,2),(15,3),(15,4),(15,5),(15,6),(16,1),(16,2),(16,3),(16,4),(16,5),(16,6),(17,1),(17,2),(17,3),(17,4),(17,5),(17,6),(18,1),(18,2),(18,3),(18,4),(18,5),(18,6),(19,1),(19,2),(19,3),(19,4),(19,5),(19,6),(20,1),(20,2),(20,3),(20,4),(20,5),(20,6),(21,1),(21,2),(21,3),(21,4),(21,5),(21,6),(22,1),(22,2),(22,3),(22,4),(22,5),(22,6),(23,1),(23,2),(23,3),(23,4),(23,5),(23,6),(24,1),(24,2),(24,3),(24,4),(24,5),(24,6),(25,1),(25,2),(25,3),(25,4),(25,5),(25,6),(26,1),(26,2),(26,3),(26,4),(26,5),(26,6),(27,1),(27,2),(27,3),(27,4),(27,5),(27,6),(28,1),(28,2),(28,3),(28,4),(28,5),(28,6),(29,1),(29,2),(29,3),(29,4),(29,5),(29,6),(30,1),(30,2),(30,3),(30,4),(30,5),(30,6),(31,1),(31,2),(31,3),(31,4),(31,5),(31,6),(32,1),(32,2),(32,3),(32,4),(32,5),(32,6),(33,1),(33,2),(33,3),(33,4),(33,5),(33,6),(34,1),(34,2),(34,3),(34,4),(34,5),(34,6),(35,1),(35,2),(35,3),(35,4),(35,5),(35,6),(36,1),(36,2),(36,3),(36,4),(36,5),(36,6),(37,1),(37,2),(37,3),(37,4),(37,5),(37,6),(38,1),(38,2),(38,3),(38,4),(38,5),(38,6),(39,1),(39,2),(39,3),(39,4),(39,5),(39,6),(40,1),(40,2),(40,3),(40,4),(40,5),(40,6),(41,1),(41,2),(41,3),(41,4),(41,5),(41,6),(42,1),(42,2),(42,3),(42,4),(42,5),(42,6),(43,1),(43,2),(43,3),(43,4),(43,5),(43,6),(44,1),(44,2),(44,3),(44,4),(44,5),(44,6),(45,1),(45,2),(45,3),(45,4),(45,5),(45,6),(46,1),(46,2),(46,3),(46,4),(46,5),(46,6),(47,1),(47,2),(47,3),(47,4),(47,5),(47,6),(48,1),(48,2),(48,3),(48,4),(48,5),(48,6),(49,1),(49,2),(49,3),(49,4),(49,5),(49,6),(50,1),(50,2),(50,3),(50,4),(50,5),(50,6),(51,1),(51,2),(51,3),(51,4),(51,5),(51,6),(52,1),(52,2),(52,3),(52,4),(52,5),(52,6),(53,1),(53,2),(53,3),(53,4),(53,5),(53,6),(54,1),(54,2),(54,3),(54,4),(54,5),(54,6),(55,1),(55,2),(55,3),(55,4),(55,5),(55,6),(56,1),(56,2),(56,3),(56,4),(56,5),(56,6),(57,1),(57,2),(57,3),(57,4),(57,5),(57,6),(58,1),(58,2),(58,3),(58,4),(58,5),(58,6),(59,1),(59,2),(59,3),(59,4),(59,5),(59,6),(60,1),(60,2),(60,3),(60,4),(60,5),(60,6),(61,1),(61,2),(61,3),(61,4),(61,5),(61,6),(62,1),(62,2),(62,3),(62,4),(62,5),(62,6),(63,1),(63,2),(63,3),(63,4),(63,5),(63,6),(64,1),(64,2),(64,3),(64,4),(64,5),(64,6),(65,1),(65,2),(65,3),(65,4),(65,5),(65,6),(66,1),(66,2),(66,3),(66,4),(66,5),(66,6),(67,1),(67,2),(67,3),(67,4),(67,5),(67,6),(68,1),(68,2),(68,3),(68,4),(68,5),(68,6),(69,1),(69,2),(69,3),(69,4),(69,5),(69,6),(70,1),(70,2),(70,3),(70,4),(70,5),(70,6),(71,1),(71,2),(71,3),(71,4),(71,5),(71,6),(72,1),(72,2),(72,3),(72,4),(72,5),(72,6),(73,1),(73,2),(73,3),(73,4),(73,5),(73,6),(74,1),(74,2),(74,3),(74,4),(74,5),(74,6),(75,1),(75,2),(75,3),(75,4),(75,5),(75,6),(76,1),(76,2),(76,3),(76,4),(76,5),(76,6),(77,1),(77,2),(77,3),(77,4),(77,5),(77,6),(78,1),(78,2),(78,3),(78,4),(78,5),(78,6),(79,1),(79,2),(79,3),(79,4),(79,5),(79,6),(80,1),(80,2),(80,3),(80,4),(80,5),(80,6),(81,1),(81,2),(81,3),(81,4),(81,5),(81,6),(82,1),(82,2),(82,3),(82,4),(82,5),(82,6),(83,1),(83,2),(83,3),(83,4),(83,5),(83,6),(84,1),(84,2),(84,3),(84,4),(84,5),(84,6),(85,1),(85,2),(85,3),(85,4),(85,5),(85,6),(86,1),(86,2),(86,3),(86,4),(86,5),(86,6),(87,1),(87,2),(87,3),(87,4),(87,5),(87,6),(88,1),(88,2),(88,3),(88,4),(88,5),(88,6),(89,1),(89,2),(89,3),(89,4),(89,5),(89,6),(90,1),(90,2),(90,3),(90,4),(90,5),(90,6),(91,1),(91,2),(91,3),(91,4),(91,5),(91,6),(92,1),(92,2),(92,3),(92,4),(92,5),(92,6),(93,1),(93,2),(93,3),(93,4),(93,5),(93,6),(94,1),(94,2),(94,3),(94,4),(94,5),(94,6),(95,1),(95,2),(95,3),(95,4),(95,5),(95,6),(96,1),(96,2),(96,3),(96,4),(96,5),(96,6),(97,1),(97,2),(97,3),(97,4),(97,5),(97,6),(98,1),(98,2),(98,3),(98,4),(98,5),(98,6),(99,1),(99,2),(99,3),(99,4),(99,5),(99,6),(100,1),(100,2),(100,3),(100,4),(100,5),(100,6),(101,1),(101,2),(101,3),(101,4),(101,5),(101,6),(102,1),(102,2),(102,3),(102,4),(102,5),(102,6),(103,1),(103,2),(103,3),(103,4),(103,5),(103,6),(104,1),(104,2),(104,3),(104,4),(104,5),(104,6),(105,1),(105,2),(105,3),(105,4),(105,5),(105,6),(106,1),(106,2),(106,3),(106,4),(106,5),(106,6),(107,1),(107,2),(107,3),(107,4),(107,5),(107,6),(108,1),(108,2),(108,3),(108,4),(108,5),(108,6),(109,1),(109,2),(109,3),(109,4),(109,5),(109,6),(110,1),(110,2),(110,3),(110,4),(110,5),(110,6),(111,1),(111,2),(111,3),(111,4),(111,5),(111,6),(112,1),(112,2),(112,3),(112,4),(112,5),(112,6),(113,1),(113,2),(113,3),(113,4),(113,5),(113,6),(114,1),(114,2),(114,3),(114,4),(114,5),(114,6),(115,1),(115,2),(115,3),(115,4),(115,5),(115,6),(116,1),(116,2),(116,3),(116,4),(116,5),(116,6),(117,1),(117,2),(117,3),(117,4),(117,5),(117,6),(118,1),(118,2),(118,3),(118,4),(118,5),(118,6),(119,1),(119,2),(119,3),(119,4),(119,5),(119,6),(120,1),(120,2),(120,3),(120,4),(120,5),(120,6),(121,1),(121,2),(121,3),(121,4),(121,5),(121,6),(122,1),(122,2),(122,3),(122,4),(122,5),(122,6),(123,1),(123,2),(123,3),(123,4),(123,5),(123,6),(124,1),(124,2),(124,3),(124,4),(124,5),(124,6),(125,1),(125,2),(125,3),(125,4),(125,5),(125,6),(126,1),(126,2),(126,3),(126,4),(126,5),(126,6),(127,1),(127,2),(127,3),(127,4),(127,5),(127,6),(128,1),(128,2),(128,3),(128,4),(128,5),(128,6),(129,1),(129,2),(129,3),(129,4),(129,5),(129,6),(130,1),(130,2),(130,3),(130,4),(130,5),(130,6),(131,1),(131,2),(131,3),(131,4),(131,5),(131,6),(132,1),(132,2),(132,3),(132,4),(132,5),(132,6),(133,1),(133,2),(133,3),(133,4),(133,5),(133,6),(134,1),(134,2),(134,3),(134,4),(134,5),(134,6),(135,1),(135,2),(135,3),(135,4),(135,5),(135,6),(136,1),(136,2),(136,3),(136,4),(136,5),(136,6),(137,1),(137,2),(137,3),(137,4),(137,5),(137,6),(138,1),(138,2),(138,3),(138,4),(138,5),(138,6),(139,1),(139,2),(139,3),(139,4),(139,5),(139,6),(140,1),(140,2),(140,3),(140,4),(140,5),(140,6),(141,1),(141,2),(141,3),(141,4),(141,5),(141,6),(142,1),(142,2),(142,3),(142,4),(142,5),(142,6),(143,1),(143,2),(143,3),(143,4),(143,5),(143,6),(144,1),(144,2),(144,3),(144,4),(144,5),(144,6),(145,1),(145,2),(145,3),(145,4),(145,5),(145,6),(146,1),(146,2),(146,3),(146,4),(146,5),(146,6),(147,1),(147,2),(147,3),(147,4),(147,5),(147,6),(148,1),(148,2),(148,3),(148,4),(148,5),(148,6),(149,1),(149,2),(149,3),(149,4),(149,5),(149,6),(150,1),(150,2),(150,3),(150,4),(150,5),(150,6),(151,1),(151,2),(151,3),(151,4),(151,5),(151,6),(152,1),(152,2),(152,3),(152,4),(152,5),(152,6),(153,1),(153,2),(153,3),(153,4),(153,5),(153,6),(154,1),(154,2),(154,3),(154,4),(154,5),(154,6),(155,1),(155,2),(155,3),(155,4),(155,5),(155,6),(156,1),(156,2),(156,3),(156,4),(156,5),(156,6),(157,1),(157,2),(157,3),(157,4),(157,5),(157,6),(158,1),(158,2),(158,3),(158,4),(158,5),(158,6),(159,1),(159,2),(159,3),(159,4),(159,5),(159,6),(160,1),(160,2),(160,3),(160,4),(160,5),(160,6);
/*!40000 ALTER TABLE `room_amenities` ENABLE KEYS */;
UNLOCK TABLES;

--
-- Table structure for table `user`
--

DROP TABLE IF EXISTS `user`;
/*!40101 SET @saved_cs_client     = @@character_set_client */;
/*!50503 SET character_set_client = utf8mb4 */;
CREATE TABLE `user` (
  `id` int NOT NULL AUTO_INCREMENT,
  `photo` varchar(255) NOT NULL,
  `username` varchar(45) NOT NULL,
  `position` varchar(45) NOT NULL,
  `email` varchar(45) NOT NULL,
  `password` varchar(45) NOT NULL,
  `start_date` date NOT NULL,
  `job_description` varchar(255) NOT NULL,
  `contact` varchar(45) NOT NULL,
  `activity` varchar(45) NOT NULL,
  PRIMARY KEY (`id`)
) ENGINE=InnoDB AUTO_INCREMENT=11 DEFAULT CHARSET=utf8mb4 COLLATE=utf8mb4_0900_ai_ci;
/*!40101 SET character_set_client = @saved_cs_client */;

--
-- Dumping data for table `user`
--

LOCK TABLES `user` WRITE;
/*!40000 ALTER TABLE `user` DISABLE KEYS */;
INSERT INTO `user` VALUES (1,'https://cloudflare-ipfs.com/ipfs/Qmd3W5DuhgHirLHGVixi6V76LhCkZUz6pnFt5AJBiyvHye/avatar/1114.jpg','Adah.Marvin','Room Service','Nash33@mirandahotel.com','12s2oMBZwHrrwz5vPDPa','2024-08-10','Principal Intranet Consultant','(745) 658-0723','inactive'),(2,'https://avatars.githubusercontent.com/u/78914431','Litzy49','Room Service','Casimer60@mirandahotel.com','TAJYTjftdpQWpq7EbkIv','2023-12-20','Corporate Web Supervisor','943.577.8789 x679','active'),(3,'https://avatars.githubusercontent.com/u/88018309','Christa_Lubowitz91','Room Service','Cesar_Koepp@mirandahotel.com','qWfmnPr3v1UA1zbMr6Yg','2024-10-18','Central Integration Analyst','884-946-1555 x3192','inactive'),(4,'https://avatars.githubusercontent.com/u/55038863','Stephany83','Room Service','Paxton_Bechtelar@mirandahotel.com','uFJBVU6o6LkJcSleZI4E','2024-06-09','Legacy Research Manager','399.408.8109 x17747','inactive'),(5,'https://cloudflare-ipfs.com/ipfs/Qmd3W5DuhgHirLHGVixi6V76LhCkZUz6pnFt5AJBiyvHye/avatar/993.jpg','Irwin25','Room Service','Uriel22@mirandahotel.com','S1lStk4t8yoOXhskjBom','2024-07-29','Corporate Marketing Strategist','787-500-5782 x719','active'),(6,'https://cloudflare-ipfs.com/ipfs/Qmd3W5DuhgHirLHGVixi6V76LhCkZUz6pnFt5AJBiyvHye/avatar/523.jpg','Desmond.Hirthe','Room Service','Austen_Blick@mirandahotel.com','qLtofwvOrWuH0pC8rDk9','2024-05-09','Investor Configuration Developer','1-799-698-7629 x77905','inactive'),(7,'https://cloudflare-ipfs.com/ipfs/Qmd3W5DuhgHirLHGVixi6V76LhCkZUz6pnFt5AJBiyvHye/avatar/1005.jpg','Devan_Jenkins9','Receptionist','Reid70@mirandahotel.com','MsjrZncTOp8BRUquWDuG','2024-08-22','International Group Supervisor','360.318.4244 x95691','active'),(8,'https://cloudflare-ipfs.com/ipfs/Qmd3W5DuhgHirLHGVixi6V76LhCkZUz6pnFt5AJBiyvHye/avatar/1219.jpg','Ashley.Johnston','Room Service','Aniyah_Russel@mirandahotel.com','KzVxC1eaRYqr2ApwunqC','2024-11-27','Corporate Research Technician','(976) 315-6875','inactive'),(9,'https://cloudflare-ipfs.com/ipfs/Qmd3W5DuhgHirLHGVixi6V76LhCkZUz6pnFt5AJBiyvHye/avatar/558.jpg','Giovanni32','Manager','Waldo.Green14@mirandahotel.com','5LxkyKmatoAOUoDsDTSz','2024-07-02','Lead Quality Specialist','369-773-4219 x78787','inactive'),(10,'https://avatars.githubusercontent.com/u/43296217','Minerva38','Manager','Karlie92@mirandahotel.com','ghLhUQSzu7B_6ZJOWMaC','2024-02-16','Human Assurance Associate','664.770.0674','active');
/*!40000 ALTER TABLE `user` ENABLE KEYS */;
UNLOCK TABLES;
/*!40103 SET TIME_ZONE=@OLD_TIME_ZONE */;

/*!40101 SET SQL_MODE=@OLD_SQL_MODE */;
/*!40014 SET FOREIGN_KEY_CHECKS=@OLD_FOREIGN_KEY_CHECKS */;
/*!40014 SET UNIQUE_CHECKS=@OLD_UNIQUE_CHECKS */;
/*!40101 SET CHARACTER_SET_CLIENT=@OLD_CHARACTER_SET_CLIENT */;
/*!40101 SET CHARACTER_SET_RESULTS=@OLD_CHARACTER_SET_RESULTS */;
/*!40101 SET COLLATION_CONNECTION=@OLD_COLLATION_CONNECTION */;
/*!40111 SET SQL_NOTES=@OLD_SQL_NOTES */;

-- Dump completed on 2023-12-06  8:45:39
