CREATE DATABASE  IF NOT EXISTS `mirandalaravel` /*!40100 DEFAULT CHARACTER SET utf8mb4 COLLATE utf8mb4_0900_ai_ci */ /*!80016 DEFAULT ENCRYPTION='N' */;
USE `mirandalaravel`;
-- MySQL dump 10.13  Distrib 8.0.34, for Win64 (x86_64)
--
-- Host: localhost    Database: mirandalaravel
-- ------------------------------------------------------
-- Server version	8.0.35-0ubuntu0.22.04.1

/*!40101 SET @OLD_CHARACTER_SET_CLIENT=@@CHARACTER_SET_CLIENT */;
/*!40101 SET @OLD_CHARACTER_SET_RESULTS=@@CHARACTER_SET_RESULTS */;
/*!40101 SET @OLD_COLLATION_CONNECTION=@@COLLATION_CONNECTION */;
/*!50503 SET NAMES utf8 */;
/*!40103 SET @OLD_TIME_ZONE=@@TIME_ZONE */;
/*!40103 SET TIME_ZONE='+00:00' */;
/*!40014 SET @OLD_UNIQUE_CHECKS=@@UNIQUE_CHECKS, UNIQUE_CHECKS=0 */;
/*!40014 SET @OLD_FOREIGN_KEY_CHECKS=@@FOREIGN_KEY_CHECKS, FOREIGN_KEY_CHECKS=0 */;
/*!40101 SET @OLD_SQL_MODE=@@SQL_MODE, SQL_MODE='NO_AUTO_VALUE_ON_ZERO' */;
/*!40111 SET @OLD_SQL_NOTES=@@SQL_NOTES, SQL_NOTES=0 */;

--
-- Table structure for table `amenity`
--

DROP TABLE IF EXISTS `amenity`;
/*!40101 SET @saved_cs_client     = @@character_set_client */;
/*!50503 SET character_set_client = utf8mb4 */;
CREATE TABLE `amenity` (
  `id` int NOT NULL AUTO_INCREMENT,
  `amenity` varchar(45) NOT NULL,
  PRIMARY KEY (`id`)
) ENGINE=InnoDB AUTO_INCREMENT=12 DEFAULT CHARSET=utf8mb4 COLLATE=utf8mb4_0900_ai_ci;
/*!40101 SET character_set_client = @saved_cs_client */;

--
-- Dumping data for table `amenity`
--

LOCK TABLES `amenity` WRITE;
/*!40000 ALTER TABLE `amenity` DISABLE KEYS */;
INSERT INTO `amenity` VALUES (1,'1/3 Bed Space'),(2,'24-Hour Guard'),(3,'Free Wifi'),(4,'Air Conditioner'),(5,'Television'),(6,'Towels'),(7,'Mini Bar'),(8,'Coffee Set'),(9,'Bathtub'),(10,'Jacuzzi'),(11,'Nice Views');
/*!40000 ALTER TABLE `amenity` ENABLE KEYS */;
UNLOCK TABLES;

--
-- Table structure for table `booking`
--

DROP TABLE IF EXISTS `booking`;
/*!40101 SET @saved_cs_client     = @@character_set_client */;
/*!50503 SET character_set_client = utf8mb4 */;
CREATE TABLE `booking` (
  `id` int NOT NULL AUTO_INCREMENT,
  `name` varchar(45) NOT NULL,
  `surname` varchar(45) NOT NULL,
  `email` varchar(255) NOT NULL,
  `phone` varchar(45) NOT NULL,
  `order_date` datetime NOT NULL DEFAULT CURRENT_TIMESTAMP,
  `check_in` date NOT NULL,
  `check_out` date NOT NULL,
  `special_request` varchar(255) NOT NULL,
  `room_id` int NOT NULL,
  `price` varchar(45) NOT NULL,
  `status` varchar(45) NOT NULL,
  PRIMARY KEY (`id`),
  KEY `room_id` (`room_id`),
  CONSTRAINT `booking_ibfk_1` FOREIGN KEY (`room_id`) REFERENCES `room` (`id`) ON DELETE CASCADE ON UPDATE CASCADE
) ENGINE=InnoDB AUTO_INCREMENT=81 DEFAULT CHARSET=utf8mb4 COLLATE=utf8mb4_0900_ai_ci;
/*!40101 SET character_set_client = @saved_cs_client */;

--
-- Dumping data for table `booking`
--

LOCK TABLES `booking` WRITE;
/*!40000 ALTER TABLE `booking` DISABLE KEYS */;
INSERT INTO `booking` VALUES (1,'Herminio','Harris','Trinity83@hotelmiranda.com','490-474-7205','2023-12-12 14:20:22','2024-03-13','2024-10-24','Vomica crapula deleniti officia ubi vorax cultura tracto cumque dolorum quibusdam adulatio pax cito voro tepidus solium.',27,'274','Check In'),(2,'Kurt','Ferry','Robb_Tromp@hotelmiranda.com','(647) 880-0362','2023-12-12 14:20:22','2024-10-29','2024-11-06','Patruus cernuus bibo adsidue causa adnuo creptio studio quaerat voluptatum adeptio benevolentia supplanto celebrer laboriosam vester tumultus adfero.',22,'218','Check In'),(3,'Garth','Kunze','Matteo13@hotelmiranda.com','1-995-647-2041 x5298','2023-12-12 14:20:22','2024-11-16','2024-11-27','Canonicus quaerat crebro demum laborum tum cohibeo coniecto blandior ceno atrox combibo utor approbo suppellex suffoco comis.',7,'101','In Progress'),(4,'Gilbert','Lindgren','Aliyah35@hotelmiranda.com','324.889.3266 x551','2023-12-12 14:20:22','2024-12-06','2024-12-09','Vir commodi attonbitus atrocitas clamo toties earum sol ustilo animi cur acquiro voluntarius utroque pecus canonicus acquiro calculus vigilo nihil.',19,'140','Check Out'),(5,'Joan','Langosh','Arlie_Jerde@hotelmiranda.com','1-314-658-6110 x4614','2023-12-12 14:20:22','2024-02-12','2024-03-05','Ut armarium tergo damno texo cruciamentum victoria conor apud.',61,'172','Check In'),(6,'Marjory','Kunde','Britney_Crooks9@hotelmiranda.com','957-519-3654 x529','2023-12-12 14:20:22','2024-11-08','2024-11-13','Adfectus crapula denuncio depromo audentia usitas totidem desino deludo callide.',64,'113','In Progress'),(7,'Lambert','Lind','Tremayne.Rowe@hotelmiranda.com','1-535-650-4204 x247','2023-12-12 14:20:22','2024-01-05','2024-01-11','Tantillus aggredior bos arx succurro vesco desino assentator depraedor culpo turbo pauper suppellex.',22,'116','Check Out'),(8,'Elijah','Koss','Angeline_Funk18@hotelmiranda.com','1-773-228-7053','2023-12-12 14:20:22','2024-11-06','2024-11-06','Vae adinventitias nobis autem speciosus abbas beatae communis terga ipsam amicitia color.',64,'186','In Progress'),(9,'Melisa','Lemke','Margaretta.Fritsch85@hotelmiranda.com','940.769.9330 x35986','2023-12-12 14:20:22','2024-12-09','2024-12-12','Ambitus sodalitas tener dicta accommodo speculum deficio ascisco error depromo cruentus architecto decerno tener demo ciminatio.',78,'207','Check Out'),(10,'Nash','Ortiz','Jammie40@hotelmiranda.com','353.618.7414 x0243','2023-12-12 14:20:22','2024-01-27','2024-02-03','Doloremque contabesco universe cumque acquiro vilicus viduo tabernus acerbitas reiciendis super voluptate clamo adipisci color absum amplitudo taceo.',67,'243','Check Out'),(11,'Stacey','Pacocha','Summer_Kshlerin37@hotelmiranda.com','850.510.4626 x5878','2023-12-12 14:20:22','2024-01-17','2024-01-22','Averto viriliter aliqua tredecim aestivus tondeo minima adaugeo adipisci sortitus acsi sto alias demonstro caritas sono nesciunt vester victoria tamisium correptius deprecator denuo auctus.',62,'156','Check Out'),(12,'Keegan','Koepp-Gulgowski','Earline36@hotelmiranda.com','297-561-6539 x1152','2023-12-12 14:20:22','2024-11-29','2024-11-30','Valeo alienus patria alii amo peior suffoco cicuta ustulo cumque supplanto provident aperio denuncio acceptus crebro sunt reprehenderit solvo solium cuius.',37,'198','In Progress'),(13,'Aliza','Hoeger','Marion_Robel@hotelmiranda.com','1-397-706-5757 x0013','2023-12-12 14:20:22','2024-12-02','2024-12-05','Vorax cubitum amet tamisium triduana cupio civitas.',12,'155','In Progress'),(14,'Vita','Goodwin','Greyson.Lindgren@hotelmiranda.com','882-491-6665 x9606','2023-12-12 14:20:22','2024-01-13','2024-01-15','Copiose deinde adhuc possimus coniuratio suffoco tremo nesciunt deleo casus voluntarius crur verbera aegre.',36,'161','Check Out'),(15,'Kayleigh','Daugherty','Horace.Leannon84@hotelmiranda.com','566-589-2691 x2923','2023-12-12 14:20:22','2024-11-14','2024-11-15','Harum audentia dedecor carpo demum culpo thesis vulgivagus cetera sint cohors ducimus conitor talis cunae bardus magni vetus.',60,'137','Check Out'),(16,'Roslyn','Bode','Karen_Parker30@hotelmiranda.com','370.205.1942 x167','2023-12-12 14:20:22','2023-12-24','2023-12-29','Demonstro arcesso vicissitudo dolorem approbo denuncio aetas catena ait pecus canonicus abscido audentia arbustum voluptate tamquam circumvenio sapiente.',67,'221','Check In'),(17,'Isac','Breitenberg','Mona_Kunde93@hotelmiranda.com','(655) 494-5191 x8984','2023-12-12 14:20:22','2024-02-03','2024-02-07','Quae solium maiores aduro ars carus admoneo alius acsi ut tamdiu.',6,'194','In Progress'),(18,'Bernard','Kris','Eldon.Collins@hotelmiranda.com','(746) 573-3717 x155','2023-12-12 14:20:22','2024-12-05','2024-12-05','Textilis caterva arbustum spargo torrens decimus tunc absens terminatio theatrum angustus.',42,'129','In Progress'),(19,'Simeon','Breitenberg','Leopold.Kris28@hotelmiranda.com','818.680.2116 x96405','2023-12-12 14:20:22','2024-11-30','2024-12-01','Trepide aequus talus adopto corrumpo celo turba.',62,'129','Check Out'),(20,'Ramona','Schinner','Darwin_Grant@hotelmiranda.com','326-433-9291','2023-12-12 14:20:22','2024-10-26','2024-10-27','Perspiciatis demulceo collum demergo aperio cunabula dedecor capillus claro cotidie capitulus amplus capio combibo urbs.',22,'131','Check Out'),(21,'Blair','Feil','Kolby93@hotelmiranda.com','648.327.8820 x5459','2023-12-12 14:20:22','2024-12-05','2024-12-05','Carcer averto somnus conventus corrupti alter spargo bellum argumentum vestrum qui adicio surgo eveniet volubilis textus speciosus cena aegre libero canis absum thalassinus.',8,'106','In Progress'),(22,'Kobe','Bartoletti','Justyn32@hotelmiranda.com','1-275-270-2124 x33959','2023-12-12 14:20:22','2024-02-07','2024-02-07','Patior assumenda complectus tenus cimentarius appono caute delinquo decumbo cur suus considero certus vita temeritas vinum harum vorago ars delectatio vomica denego varietas trado.',48,'178','In Progress'),(23,'Jewel','West-Von','Laila_Murray@hotelmiranda.com','262.397.0929 x507','2023-12-12 14:20:22','2023-12-31','2024-01-01','Umquam vulgus condico demergo conatus deprecator strues aiunt necessitatibus sto nam voluptatum strues cuppedia surculus autem caste talus ascit venio.',48,'272','Check Out'),(24,'Lou','Jones','Juwan91@hotelmiranda.com','(650) 501-9252 x6320','2023-12-12 14:20:22','2024-11-27','2024-11-28','Curso appono delectatio super nam careo audeo repellendus suspendo condico tenus vinculum decimus altus crudelis circumvenio conqueror beatus commemoro aestus vulgus appello tenuis vinum.',42,'240','Check Out'),(25,'Stan','Quigley','Otha.Denesik74@hotelmiranda.com','308.256.4462','2023-12-12 14:20:22','2024-12-05','2024-12-05','Ambitus curso arma cursus cubitum id vix.',30,'122','Check In'),(26,'Harvey','Goyette','Ward66@hotelmiranda.com','505-658-7007 x2612','2023-12-12 14:20:22','2024-03-06','2024-03-08','Vapulus complectus pax soluta quia audax necessitatibus cenaculum ea denuo ago speciosus sursum congregatio cum currus amissio beatae error qui vado nihil auditor curatio sperno.',41,'284','In Progress'),(27,'Lisette','Kutch','Jasmin_Abernathy@hotelmiranda.com','(832) 831-7098 x37157','2023-12-12 14:20:22','2024-12-05','2024-12-05','Adsidue voluptates adhaero balbus speciosus vindico condico conitor utor numquam cupiditas verbera animus demum acceptus terreo suspendo absum peccatus coruscus nam.',21,'151','Check In'),(28,'Madalyn','White','Brenden88@hotelmiranda.com','1-439-390-4942 x72329','2023-12-12 14:20:22','2023-12-15','2023-12-16','Damnatio asperiores tristis derideo benigne dens tollo combibo caste theatrum amor asper benigne absque veritatis vis censura totus considero.',14,'249','Check Out'),(29,'Rosie','Gulgowski','Jade33@hotelmiranda.com','888.756.9453','2023-12-12 14:20:22','2024-10-27','2024-10-27','Hic vinculum reiciendis ipsam capio spiritus amplitudo alioqui somnus combibo uter.',29,'128','Check In'),(30,'Cara','Blick','Chad.Lueilwitz-Schuster48@hotelmiranda.com','1-298-883-4654 x736','2023-12-12 14:20:22','2024-01-25','2024-01-25','Caelestis tergeo thymum demitto tolero viridis verto demo subito adsuesco acidus casus deorsum expedita adiuvo velut cupiditate summisse.',29,'138','Check Out'),(31,'Shany','Trantow','Jonas74@hotelmiranda.com','1-620-892-1091','2023-12-12 14:20:22','2024-11-06','2024-11-07','Ventito aeternus quod sortitus apud comburo cur victus provident depopulo beatus capitulus inflammatio soleo cogo.',47,'291','In Progress'),(32,'Lavada','Hickle','Ramiro_Weissnat22@hotelmiranda.com','883.571.1781 x70335','2023-12-12 14:20:22','2023-12-29','2023-12-29','Altus volup tricesimus pariatur tamdiu tot speculum claudeo cavus velut tempus ipsa altus.',80,'191','In Progress'),(33,'Janick','Roberts','Bruce_Dare@hotelmiranda.com','890-543-6859','2023-12-12 14:20:22','2024-10-24','2024-10-24','Voluntarius civitas corporis abscido ceno tantillus adhuc curia curso trucido bestia aestas aestus thorax verbum stabilis uredo agnitio inflammatio angustus bellum.',11,'243','In Progress'),(34,'Isabella','Corwin','Newton59@hotelmiranda.com','(472) 403-2441 x011','2023-12-12 14:20:22','2024-11-13','2024-11-13','Vallum acquiro comptus certe consectetur tardus tenuis vallum deleniti tamquam admiratio solitudo delego vere animi debilito acquiro vorax temporibus deinde voveo.',79,'111','Check In'),(35,'Tressa','Zulauf','Susanna.Schinner31@hotelmiranda.com','1-820-303-1296','2023-12-12 14:20:22','2024-10-28','2024-10-28','Aedificium demoror tondeo uter ago delectatio tego animadverto usus ustulo ullam valens decor auctor sortitus tredecim abduco attollo coaegresco beatae vesica.',66,'264','Check Out'),(36,'Hilma','Kutch','Makenna.Reichert@hotelmiranda.com','(641) 963-2103 x9535','2023-12-12 14:20:22','2023-12-16','2023-12-23','Distinctio illum nulla pecco maxime tempus audio adhuc alter accusamus aqua circumvenio aiunt abbas vulpes veritas decens.',35,'101','Check In'),(37,'Willa','Skiles','Roscoe82@hotelmiranda.com','1-767-437-0221 x250','2023-12-12 14:20:22','2024-01-23','2024-01-24','Strues turpis conventus demergo aro congregatio bardus cornu ceno acceptus convoco beatae solus praesentium incidunt appono.',35,'178','Check In'),(38,'Darlene','Zboncak','Eloise44@hotelmiranda.com','767.818.0442 x483','2023-12-12 14:20:22','2024-10-25','2024-10-25','Quam textor campana deprecator angelus vetus pecto odit basium tenetur deporto.',64,'119','Check Out'),(39,'Uriah','Fritsch','Davion42@hotelmiranda.com','653.945.9112 x2093','2023-12-12 14:20:22','2024-01-02','2024-01-04','Incidunt vigor ara fugit thymum architecto cibo testimonium depono caelum tracto somniculosus conor benevolentia deficio cupressus contra bellicus.',11,'109','Check In'),(40,'Araceli','Turcotte','Catharine52@hotelmiranda.com','352.387.7908 x70219','2023-12-12 14:20:22','2024-12-05','2024-12-05','Nemo derideo commodo eaque cito theologus sursum contra adamo adeo contego abscido accusamus arcus aliquid currus capto summa asporto doloremque minima alii.',47,'254','Check In'),(41,'Ola','Cremin','Retta.Huels@hotelmiranda.com','462.953.6327','2023-12-12 14:20:22','2024-01-16','2024-01-16','Cunae cedo tenax creo quo ad barba decor tyrannus quisquam conservo audacia totidem virgo tum spectaculum.',29,'222','In Progress'),(42,'Josue','Runolfsson-Kemmer','Haylie_Lind66@hotelmiranda.com','(269) 816-2008 x085','2023-12-12 14:20:22','2024-11-07','2024-11-07','Textus quisquam bestia laborum aggero copiose sto excepturi vinco ventosus arbustum voluptates creator vita creo creber beatus abduco cumque vetus.',33,'248','Check Out'),(43,'Darren','Weimann','Dashawn26@hotelmiranda.com','(543) 686-8532','2023-12-12 14:20:22','2024-02-09','2024-02-10','Careo at aeternus arx textilis natus utrum aer deprimo turbo vis.',45,'236','In Progress'),(44,'Hunter','Brekke','Jaunita13@hotelmiranda.com','(924) 426-0146 x27493','2023-12-12 14:20:22','2024-03-08','2024-03-11','Dolores ocer torrens absconditus abscido cupiditas arceo defaeco tondeo vox bene voco desidero amplitudo.',78,'146','Check Out'),(45,'Jessica','Kerluke','Bailey.McKenzie@hotelmiranda.com','770.468.2386 x12375','2023-12-12 14:20:22','2024-12-05','2024-12-05','Video deduco canis curvo terreo necessitatibus censura cohors demum tepidus culpo adimpleo virgo.',41,'195','In Progress'),(46,'Watson','Lynch','Erick98@hotelmiranda.com','(362) 295-7410 x52246','2023-12-12 14:20:22','2024-12-05','2024-12-05','Talis thesaurus usus celebrer cultura voluptate coepi ventito explicabo termes confido tepesco aestus vinum vicissitudo termes alveus.',71,'131','In Progress'),(47,'Pink','Johnston','Krystina_Greenholt@hotelmiranda.com','1-914-780-8564','2023-12-12 14:20:22','2023-12-12','2023-12-13','Sumptus apparatus patior cras excepturi aduro abduco aestas attero blanditiis placeat quod sono possimus utpote bonus aspicio sopor incidunt tergeo minima aegrotatio tribuo.',59,'256','Check Out'),(48,'Zachery','Schaefer','King66@hotelmiranda.com','1-558-777-1245','2023-12-12 14:20:22','2024-10-25','2024-10-25','Cruentus urbs tabernus cursus adeo tollo avaritia verbera abstergo utrimque canto atrox carpo error sponte utrum toties vulgivagus decor.',24,'257','Check In'),(49,'Margaretta','Fahey','Ada_Collier@hotelmiranda.com','1-309-215-6015 x288','2023-12-12 14:20:22','2024-10-24','2024-10-24','Corporis terga depromo mollitia iure tempus commodo solium armarium speculum cattus auctor vetus vesica clibanus vestrum deludo conitor utilis volaticus tabula animi subito adfectus.',11,'192','Check In'),(50,'Dolly','Rosenbaum','Alberto_Daugherty60@hotelmiranda.com','1-783-495-9218','2023-12-12 14:20:22','2024-11-07','2024-11-07','Thermae cubitum atqui viridis conitor argentum amiculum tres provident delectatio thymum verecundia cribro vetus voluptate certus animi charisma nulla solus demum annus admitto molestiae coruscus.',66,'100','Check In'),(51,'Cornell','Emard','Abigayle.Metz@hotelmiranda.com','(734) 946-3669 x8232','2023-12-12 14:20:22','2024-10-25','2024-10-25','Vinco sum decipio decens animus balbus audax accommodo tardus unus utrimque calcar adhuc ulciscor cuius vero peior ratione confugo stultus basium mollitia demo.',35,'290','In Progress'),(52,'Haskell','Wiegand','Hellen.Schmidt87@hotelmiranda.com','1-670-250-0153 x6673','2023-12-12 14:20:22','2024-11-28','2024-11-28','Demoror vobis antiquus depereo textilis delego tendo mollitia.',48,'187','Check Out'),(53,'Randi','Flatley','Johnpaul_Feest83@hotelmiranda.com','459.800.4032 x695','2023-12-12 14:20:22','2024-11-15','2024-11-15','Utrum soluta attero expedita verbera apparatus subnecto articulus taedium.',2,'269','In Progress'),(54,'Enoch','Graham','Melisa_Leuschke93@hotelmiranda.com','1-938-294-3142 x925','2023-12-12 14:20:22','2024-11-13','2024-11-13','Ullam crustulum altus ver tripudio summopere cubicularis crinis vitae vix umerus victus convoco qui videlicet desidero video vehemens summopere temporibus.',52,'234','Check In'),(55,'Kelvin','Schaefer','Selmer.Jaskolski@hotelmiranda.com','374-206-8167','2023-12-12 14:20:22','2024-12-05','2024-12-05','Timidus tabula vomer carbo necessitatibus recusandae maiores capto utroque pauper vulnus arceo nulla ater ultio aggero angulus.',63,'278','Check Out'),(56,'Lelah','Bode','Eden_Nikolaus4@hotelmiranda.com','(890) 391-2335 x735','2023-12-12 14:20:22','2024-11-15','2024-11-15','Cena conforto molestias antea vae demum cur volutabrum bis attero trans officiis viscus.',76,'267','In Progress'),(57,'Mayra','Herzog','Grady_Kemmer@hotelmiranda.com','(262) 992-9101','2023-12-12 14:20:22','2024-01-12','2024-01-12','Rem avarus celer urbs cariosus corrupti nostrum umquam titulus auxilium.',7,'144','Check In'),(58,'Chelsie','Hyatt','Lelia_Wilderman@hotelmiranda.com','1-271-839-8266 x6415','2023-12-12 14:20:22','2023-12-29','2023-12-30','Pariatur alter corporis conservo quasi attero tantum crastinus quo color culpo earum canonicus decens arguo quas vaco architecto usus suffragium facilis vulpes desipio ultra crebro.',21,'160','Check Out'),(59,'Arvid','Haley','Derrick_Baumbach@hotelmiranda.com','824.890.0844 x97205','2023-12-12 14:20:22','2024-12-01','2024-12-01','Ante tergo deinde absque cenaculum adstringo constans vinum ipsa ipsum contra volutabrum vulgus cursim defendo ascit nostrum provident suffoco.',73,'157','Check In'),(60,'Enola','Larson','Lupe_Hermiston@hotelmiranda.com','211-975-2863 x470','2023-12-12 14:20:22','2024-10-25','2024-10-25','Abutor ventito theca vociferor tergeo teneo tero antiquus cinis consuasor cruentus thesis maiores.',63,'195','In Progress'),(61,'Adrian','Rohan','Amir_Grady3@hotelmiranda.com','317.954.4424 x8850','2023-12-12 14:20:22','2024-11-13','2024-11-13','Carus complectus tristis defetiscor victoria verecundia officiis cometes tracto varietas debeo copia quaerat sed cultellus valens voco utor angelus carus casso cerno hic.',17,'295','Check In'),(62,'Kirsten','Gibson','Keagan43@hotelmiranda.com','951-996-8043 x4944','2023-12-12 14:20:22','2024-12-01','2024-12-01','Cura aspernatur arbor cultellus perspiciatis voluptatum averto corporis desino ars debilito aduro confero dedecor adaugeo claro defero creta quisquam abduco abutor nobis.',25,'224','Check In'),(63,'Kailyn','Erdman','Hildegard.Hyatt@hotelmiranda.com','1-397-875-1759','2023-12-12 14:20:22','2024-11-07','2024-11-07','Tricesimus somnus maiores depraedor enim advenio barba debeo aegrotatio vesper laboriosam cresco adflicto vulgivagus desidero depereo alias cerno terminatio.',39,'284','Check Out'),(64,'Amparo','Lang','Macey.Jast@hotelmiranda.com','769-462-8004 x92349','2023-12-12 14:20:22','2024-11-15','2024-11-15','Tametsi decumbo adversus damno veritatis clarus teneo testimonium ter catena capio stabilis verus solium quidem sufficio corrumpo adamo compello comparo.',11,'252','Check In'),(65,'Russel','Wunsch','Keshawn45@hotelmiranda.com','358-581-4385 x82125','2023-12-12 14:20:22','2024-11-07','2024-11-07','Textor quas blanditiis collum cresco defetiscor vinitor conscendo voluntarius somnus speciosus quidem temptatio acquiro comprehendo est auditor necessitatibus nulla nesciunt officia cupressus.',72,'264','Check Out'),(66,'Zaria','Kuvalis','Jackeline14@hotelmiranda.com','1-933-452-1010 x810','2023-12-12 14:20:22','2024-11-15','2024-11-15','Aegrotatio aggero armarium arma canonicus synagoga molestias curriculum aufero claro congregatio calco eveniet.',24,'220','Check In'),(67,'Jerod','Strosin','Jadyn57@hotelmiranda.com','1-600-499-9204 x41978','2023-12-12 14:20:22','2024-12-05','2024-12-05','Labore victus patior vitium vorago viridis admiratio arto vergo aveho amita vesica cupiditas consuasor vinitor tutamen decerno suscipio admoveo coaegresco delego baiulus talis sub.',74,'291','Check Out'),(68,'Asa','Marks','Julius.Davis63@hotelmiranda.com','(877) 613-6279 x7827','2023-12-12 14:20:22','2024-12-01','2024-12-01','Demum adulescens ustilo verumtamen consectetur possimus vinco tergo canonicus sursum corona vetus autus creptio sublime derelinquo cumque.',6,'249','Check In'),(69,'Tiara','Bauch','Tod.Sawayn58@hotelmiranda.com','612.402.6523 x79358','2023-12-12 14:20:22','2024-12-05','2024-12-05','Calco damno vobis possimus terminatio ocer auctor terreo comis fugit vaco facere paens ait bis apud theca textilis suscipit solium at.',47,'184','Check Out'),(70,'Jaqueline','Dicki','Noe.Waelchi25@hotelmiranda.com','271.404.2349 x0362','2023-12-12 14:20:22','2024-12-05','2024-12-05','Concido ultio cauda tantillus usitas vulgaris coadunatio vomito viduo acervus dedico consequatur alii summa curso consectetur tui ubi eius arto carus somnus aperte conventus venustas.',5,'169','In Progress'),(71,'Jeramie','Goodwin','Verona_Rice@hotelmiranda.com','823-545-4437 x9894','2023-12-12 14:20:22','2024-12-01','2024-12-01','Tardus usus solium denique tricesimus omnis ars commodo unus voluptate causa venustas tremo vergo aperte clarus cupressus magnam crur doloremque varietas dolorem tertius.',45,'137','In Progress'),(72,'Monte','Howe','Leonard_Nicolas77@hotelmiranda.com','205.388.3993','2023-12-12 14:20:22','2024-12-05','2024-12-05','Cunae stultus tolero sulum vomica voveo neque laudantium vergo delectus convoco corporis custodia.',55,'181','Check In'),(73,'Jabari','Rogahn','Peter_Mayert@hotelmiranda.com','1-383-633-7867 x32216','2023-12-12 14:20:22','2024-02-11','2024-02-11','Cunctatio amet cubo conforto cado adinventitias textus conor advenio autem umerus taceo deduco comprehendo calamitas fugit bonus quaerat caveo agnitio templum calculus defungo.',5,'115','Check In'),(74,'Patrick','Russel','Tressie_Hoeger@hotelmiranda.com','208-275-2161 x15186','2023-12-12 14:20:22','2024-11-07','2024-11-07','Peior ubi excepturi suscipit dignissimos confido volo suggero earum vulpes ante absconditus sapiente tibi.',61,'219','Check In'),(75,'Kaci','Little','Malinda93@hotelmiranda.com','873-981-8117 x2306','2023-12-12 14:20:22','2024-10-24','2024-10-24','Defendo constans crur crur tondeo collum voluptatum paens magnam adeptio cohaero quae defleo earum appello.',25,'279','Check In'),(76,'Boris','Conroy','Yasmeen.Kihn@hotelmiranda.com','369-215-8446 x326','2023-12-12 14:20:22','2024-12-05','2024-12-05','Cetera admoveo accusantium tantillus dolore vilis decipio creptio torrens.',27,'219','Check Out'),(77,'Easton','Mohr','Dewayne.Kuhic33@hotelmiranda.com','(398) 438-1700','2023-12-12 14:20:22','2024-12-01','2024-12-01','Delicate aro caelum vito cauda eaque tero carmen vinco abstergo cornu teneo desidero stipes ventito conscendo tyrannus clam aequitas.',49,'255','Check Out'),(78,'Blaise','Thompson-Stroman','Shaina_Marvin94@hotelmiranda.com','(935) 428-4391 x789','2023-12-12 14:20:22','2024-01-26','2024-01-26','Pecus alias ciminatio callide tempora sonitus cena strenuus decet deleniti somnus quod turpis denuncio.',38,'276','In Progress'),(79,'Mabelle','Grant','Arch44@hotelmiranda.com','(311) 457-9098 x0386','2023-12-12 14:20:22','2024-11-15','2024-11-15','Cunae somniculosus taceo crudelis subvenio tum abeo caelum eveniet votum caput clam succedo catena itaque calco utrum delectatio paens trepide talis.',80,'184','In Progress'),(80,'Jacky','Bartoletti','Anahi_Huel99@hotelmiranda.com','269-287-8901 x133','2023-12-12 14:20:22','2024-12-01','2024-12-01','Summa deludo termes ambulo via video antepono venia tribuo spero vesco qui.',70,'199','In Progress');
/*!40000 ALTER TABLE `booking` ENABLE KEYS */;
UNLOCK TABLES;

--
-- Table structure for table `contact`
--

DROP TABLE IF EXISTS `contact`;
/*!40101 SET @saved_cs_client     = @@character_set_client */;
/*!50503 SET character_set_client = utf8mb4 */;
CREATE TABLE `contact` (
  `id` int NOT NULL AUTO_INCREMENT,
  `date` datetime NOT NULL,
  `name` varchar(45) NOT NULL,
  `email` varchar(45) NOT NULL,
  `phone` varchar(45) NOT NULL,
  `subject` varchar(45) NOT NULL,
  `comment` varchar(255) NOT NULL,
  `archived` binary(1) NOT NULL,
  PRIMARY KEY (`id`)
) ENGINE=InnoDB AUTO_INCREMENT=11 DEFAULT CHARSET=utf8mb4 COLLATE=utf8mb4_0900_ai_ci;
/*!40101 SET character_set_client = @saved_cs_client */;

--
-- Dumping data for table `contact`
--

LOCK TABLES `contact` WRITE;
/*!40000 ALTER TABLE `contact` DISABLE KEYS */;
INSERT INTO `contact` VALUES (1,'2023-10-12 12:48:09','Lowell Pfeffer','Richmond.Reichert88@anymail.com','865.288.2835 x1782','Tener.','Amplitudo tabesco aedificium traho ademptio vitiosus decet advoco aeternus. Stillicidium cura assentator tantum.',_binary '1'),(2,'2023-04-22 14:42:57','Dr. Gwendolyn Osinski','Arne62@anymail.com','(442) 425-2974 x662','Clam vulnus vilitas.','Comminor confero delicate arca timidus aestus color inflammatio.',_binary '1'),(3,'2023-06-07 06:02:42','Stanley Nader-Beahan','Louvenia_Veum@anymail.com','294-997-5235 x076','Velut thymbra creptio.','Ratione tego verbum.',_binary '0'),(4,'2023-10-10 14:17:12','Leigh Huels-Prohaska DVM','Stevie.Herman-Ratke@anymail.com','217-907-8591 x24851','Testimonium.','Deficio subito crustulum. Supra attollo consuasor cur adaugeo.',_binary '0'),(5,'2023-07-06 04:27:24','Al Gorczany','Ressie.OKeefe@anymail.com','303.247.8425 x156','Approbo.','Verto thymum civis armarium pariatur canonicus beneficium. Vobis sto culpo admiratio voro omnis creptio solitudo.',_binary '1'),(6,'2022-12-17 02:42:42','Miss Eloise Veum','Ubaldo.Mayer@anymail.com','1-328-680-5308 x712','Degusto studio sunt.','Qui unus avarus curvo crastinus tabgo debeo umbra aperte tandem. Statua valens speciosus succedo cohaero corroboro inflammatio adiuvo sodalitas velit.',_binary '0'),(7,'2023-10-09 04:12:38','Kristopher Gutmann','Cleta81@anymail.com','1-940-499-7308','Repellendus facere.','Tenuis spero supellex. Solitudo ciminatio contigo somniculosus.',_binary '1'),(8,'2023-06-27 10:29:54','Martha Schoen','Wilford.Mann42@anymail.com','213.557.7754 x536','Contabesco depraedor a vulgus.','Conitor contabesco cupio suscipit sequi sponte urbs vulgo.',_binary '1'),(9,'2023-05-13 10:15:52','Jeannette Baumbach','Barton39@anymail.com','(605) 411-3515 x14683','Totidem complectus audentia.','Adaugeo cotidie arx turpis termes depopulo speciosus.',_binary '0'),(10,'2023-09-09 06:36:44','Preston Kautzer','Chaya25@anymail.com','(548) 532-2000 x144','Suasoria provident.','Claustrum umbra magni defetiscor ab confero corona. Autem suggero laborum commodo catena vivo creator.',_binary '0');
/*!40000 ALTER TABLE `contact` ENABLE KEYS */;
UNLOCK TABLES;

--
-- Table structure for table `photos`
--

DROP TABLE IF EXISTS `photos`;
/*!40101 SET @saved_cs_client     = @@character_set_client */;
/*!50503 SET character_set_client = utf8mb4 */;
CREATE TABLE `photos` (
  `id` int NOT NULL AUTO_INCREMENT,
  `photo_url` varchar(255) NOT NULL,
  `room_id` int NOT NULL,
  PRIMARY KEY (`id`),
  KEY `room_id` (`room_id`),
  CONSTRAINT `photos_ibfk_1` FOREIGN KEY (`room_id`) REFERENCES `room` (`id`) ON DELETE CASCADE ON UPDATE CASCADE
) ENGINE=InnoDB AUTO_INCREMENT=81 DEFAULT CHARSET=utf8mb4 COLLATE=utf8mb4_0900_ai_ci;
/*!40101 SET character_set_client = @saved_cs_client */;

--
-- Dumping data for table `photos`
--

LOCK TABLES `photos` WRITE;
/*!40000 ALTER TABLE `photos` DISABLE KEYS */;
INSERT INTO `photos` VALUES (1,'https://dashboardgeneralassets.s3.eu-west-1.amazonaws.com/Fotos+Dashboard/room1.jpeg',1),(2,'https://dashboardgeneralassets.s3.eu-west-1.amazonaws.com/Fotos+Dashboard/room2.jpeg',2),(3,'https://dashboardgeneralassets.s3.eu-west-1.amazonaws.com/Fotos+Dashboard/room5.jpeg',3),(4,'https://dashboardgeneralassets.s3.eu-west-1.amazonaws.com/Fotos+Dashboard/room1.jpeg',4),(5,'https://dashboardgeneralassets.s3.eu-west-1.amazonaws.com/Fotos+Dashboard/room4.jpeg',5),(6,'https://dashboardgeneralassets.s3.eu-west-1.amazonaws.com/Fotos+Dashboard/room1.jpeg',6),(7,'https://dashboardgeneralassets.s3.eu-west-1.amazonaws.com/Fotos+Dashboard/room5.jpeg',7),(8,'https://dashboardgeneralassets.s3.eu-west-1.amazonaws.com/Fotos+Dashboard/room2.jpeg',8),(9,'https://dashboardgeneralassets.s3.eu-west-1.amazonaws.com/Fotos+Dashboard/room1.jpeg',9),(10,'https://dashboardgeneralassets.s3.eu-west-1.amazonaws.com/Fotos+Dashboard/room5.jpeg',10),(11,'https://dashboardgeneralassets.s3.eu-west-1.amazonaws.com/Fotos+Dashboard/room3.jpeg',11),(12,'https://dashboardgeneralassets.s3.eu-west-1.amazonaws.com/Fotos+Dashboard/room4.jpeg',12),(13,'https://dashboardgeneralassets.s3.eu-west-1.amazonaws.com/Fotos+Dashboard/room3.jpeg',13),(14,'https://dashboardgeneralassets.s3.eu-west-1.amazonaws.com/Fotos+Dashboard/room2.jpeg',14),(15,'https://dashboardgeneralassets.s3.eu-west-1.amazonaws.com/Fotos+Dashboard/room3.jpeg',15),(16,'https://dashboardgeneralassets.s3.eu-west-1.amazonaws.com/Fotos+Dashboard/room3.jpeg',16),(17,'https://dashboardgeneralassets.s3.eu-west-1.amazonaws.com/Fotos+Dashboard/room5.jpeg',17),(18,'https://dashboardgeneralassets.s3.eu-west-1.amazonaws.com/Fotos+Dashboard/room5.jpeg',18),(19,'https://dashboardgeneralassets.s3.eu-west-1.amazonaws.com/Fotos+Dashboard/room5.jpeg',19),(20,'https://dashboardgeneralassets.s3.eu-west-1.amazonaws.com/Fotos+Dashboard/room2.jpeg',20),(21,'https://dashboardgeneralassets.s3.eu-west-1.amazonaws.com/Fotos+Dashboard/room3.jpeg',21),(22,'https://dashboardgeneralassets.s3.eu-west-1.amazonaws.com/Fotos+Dashboard/room2.jpeg',22),(23,'https://dashboardgeneralassets.s3.eu-west-1.amazonaws.com/Fotos+Dashboard/room3.jpeg',23),(24,'https://dashboardgeneralassets.s3.eu-west-1.amazonaws.com/Fotos+Dashboard/room2.jpeg',24),(25,'https://dashboardgeneralassets.s3.eu-west-1.amazonaws.com/Fotos+Dashboard/room1.jpeg',25),(26,'https://dashboardgeneralassets.s3.eu-west-1.amazonaws.com/Fotos+Dashboard/room5.jpeg',26),(27,'https://dashboardgeneralassets.s3.eu-west-1.amazonaws.com/Fotos+Dashboard/room5.jpeg',27),(28,'https://dashboardgeneralassets.s3.eu-west-1.amazonaws.com/Fotos+Dashboard/room3.jpeg',28),(29,'https://dashboardgeneralassets.s3.eu-west-1.amazonaws.com/Fotos+Dashboard/room1.jpeg',29),(30,'https://dashboardgeneralassets.s3.eu-west-1.amazonaws.com/Fotos+Dashboard/room3.jpeg',30),(31,'https://dashboardgeneralassets.s3.eu-west-1.amazonaws.com/Fotos+Dashboard/room5.jpeg',31),(32,'https://dashboardgeneralassets.s3.eu-west-1.amazonaws.com/Fotos+Dashboard/room4.jpeg',32),(33,'https://dashboardgeneralassets.s3.eu-west-1.amazonaws.com/Fotos+Dashboard/room5.jpeg',33),(34,'https://dashboardgeneralassets.s3.eu-west-1.amazonaws.com/Fotos+Dashboard/room3.jpeg',34),(35,'https://dashboardgeneralassets.s3.eu-west-1.amazonaws.com/Fotos+Dashboard/room3.jpeg',35),(36,'https://dashboardgeneralassets.s3.eu-west-1.amazonaws.com/Fotos+Dashboard/room5.jpeg',36),(37,'https://dashboardgeneralassets.s3.eu-west-1.amazonaws.com/Fotos+Dashboard/room4.jpeg',37),(38,'https://dashboardgeneralassets.s3.eu-west-1.amazonaws.com/Fotos+Dashboard/room4.jpeg',38),(39,'https://dashboardgeneralassets.s3.eu-west-1.amazonaws.com/Fotos+Dashboard/room1.jpeg',39),(40,'https://dashboardgeneralassets.s3.eu-west-1.amazonaws.com/Fotos+Dashboard/room5.jpeg',40),(41,'https://dashboardgeneralassets.s3.eu-west-1.amazonaws.com/Fotos+Dashboard/room2.jpeg',41),(42,'https://dashboardgeneralassets.s3.eu-west-1.amazonaws.com/Fotos+Dashboard/room1.jpeg',42),(43,'https://dashboardgeneralassets.s3.eu-west-1.amazonaws.com/Fotos+Dashboard/room5.jpeg',43),(44,'https://dashboardgeneralassets.s3.eu-west-1.amazonaws.com/Fotos+Dashboard/room1.jpeg',44),(45,'https://dashboardgeneralassets.s3.eu-west-1.amazonaws.com/Fotos+Dashboard/room1.jpeg',45),(46,'https://dashboardgeneralassets.s3.eu-west-1.amazonaws.com/Fotos+Dashboard/room1.jpeg',46),(47,'https://dashboardgeneralassets.s3.eu-west-1.amazonaws.com/Fotos+Dashboard/room2.jpeg',47),(48,'https://dashboardgeneralassets.s3.eu-west-1.amazonaws.com/Fotos+Dashboard/room3.jpeg',48),(49,'https://dashboardgeneralassets.s3.eu-west-1.amazonaws.com/Fotos+Dashboard/room2.jpeg',49),(50,'https://dashboardgeneralassets.s3.eu-west-1.amazonaws.com/Fotos+Dashboard/room1.jpeg',50),(51,'https://dashboardgeneralassets.s3.eu-west-1.amazonaws.com/Fotos+Dashboard/room5.jpeg',51),(52,'https://dashboardgeneralassets.s3.eu-west-1.amazonaws.com/Fotos+Dashboard/room1.jpeg',52),(53,'https://dashboardgeneralassets.s3.eu-west-1.amazonaws.com/Fotos+Dashboard/room3.jpeg',53),(54,'https://dashboardgeneralassets.s3.eu-west-1.amazonaws.com/Fotos+Dashboard/room3.jpeg',54),(55,'https://dashboardgeneralassets.s3.eu-west-1.amazonaws.com/Fotos+Dashboard/room3.jpeg',55),(56,'https://dashboardgeneralassets.s3.eu-west-1.amazonaws.com/Fotos+Dashboard/room4.jpeg',56),(57,'https://dashboardgeneralassets.s3.eu-west-1.amazonaws.com/Fotos+Dashboard/room3.jpeg',57),(58,'https://dashboardgeneralassets.s3.eu-west-1.amazonaws.com/Fotos+Dashboard/room3.jpeg',58),(59,'https://dashboardgeneralassets.s3.eu-west-1.amazonaws.com/Fotos+Dashboard/room2.jpeg',59),(60,'https://dashboardgeneralassets.s3.eu-west-1.amazonaws.com/Fotos+Dashboard/room3.jpeg',60),(61,'https://dashboardgeneralassets.s3.eu-west-1.amazonaws.com/Fotos+Dashboard/room4.jpeg',61),(62,'https://dashboardgeneralassets.s3.eu-west-1.amazonaws.com/Fotos+Dashboard/room1.jpeg',62),(63,'https://dashboardgeneralassets.s3.eu-west-1.amazonaws.com/Fotos+Dashboard/room2.jpeg',63),(64,'https://dashboardgeneralassets.s3.eu-west-1.amazonaws.com/Fotos+Dashboard/room3.jpeg',64),(65,'https://dashboardgeneralassets.s3.eu-west-1.amazonaws.com/Fotos+Dashboard/room1.jpeg',65),(66,'https://dashboardgeneralassets.s3.eu-west-1.amazonaws.com/Fotos+Dashboard/room1.jpeg',66),(67,'https://dashboardgeneralassets.s3.eu-west-1.amazonaws.com/Fotos+Dashboard/room2.jpeg',67),(68,'https://dashboardgeneralassets.s3.eu-west-1.amazonaws.com/Fotos+Dashboard/room1.jpeg',68),(69,'https://dashboardgeneralassets.s3.eu-west-1.amazonaws.com/Fotos+Dashboard/room3.jpeg',69),(70,'https://dashboardgeneralassets.s3.eu-west-1.amazonaws.com/Fotos+Dashboard/room2.jpeg',70),(71,'https://dashboardgeneralassets.s3.eu-west-1.amazonaws.com/Fotos+Dashboard/room2.jpeg',71),(72,'https://dashboardgeneralassets.s3.eu-west-1.amazonaws.com/Fotos+Dashboard/room2.jpeg',72),(73,'https://dashboardgeneralassets.s3.eu-west-1.amazonaws.com/Fotos+Dashboard/room5.jpeg',73),(74,'https://dashboardgeneralassets.s3.eu-west-1.amazonaws.com/Fotos+Dashboard/room2.jpeg',74),(75,'https://dashboardgeneralassets.s3.eu-west-1.amazonaws.com/Fotos+Dashboard/room4.jpeg',75),(76,'https://dashboardgeneralassets.s3.eu-west-1.amazonaws.com/Fotos+Dashboard/room4.jpeg',76),(77,'https://dashboardgeneralassets.s3.eu-west-1.amazonaws.com/Fotos+Dashboard/room2.jpeg',77),(78,'https://dashboardgeneralassets.s3.eu-west-1.amazonaws.com/Fotos+Dashboard/room1.jpeg',78),(79,'https://dashboardgeneralassets.s3.eu-west-1.amazonaws.com/Fotos+Dashboard/room5.jpeg',79),(80,'https://dashboardgeneralassets.s3.eu-west-1.amazonaws.com/Fotos+Dashboard/room1.jpeg',80);
/*!40000 ALTER TABLE `photos` ENABLE KEYS */;
UNLOCK TABLES;

--
-- Table structure for table `room`
--

DROP TABLE IF EXISTS `room`;
/*!40101 SET @saved_cs_client     = @@character_set_client */;
/*!50503 SET character_set_client = utf8mb4 */;
CREATE TABLE `room` (
  `id` int NOT NULL AUTO_INCREMENT,
  `number` varchar(10) NOT NULL,
  `type` varchar(45) NOT NULL,
  `description` varchar(255) NOT NULL,
  `price` int NOT NULL,
  `discount` int NOT NULL,
  `availability` varchar(45) NOT NULL,
  PRIMARY KEY (`id`)
) ENGINE=InnoDB AUTO_INCREMENT=81 DEFAULT CHARSET=utf8mb4 COLLATE=utf8mb4_0900_ai_ci;
/*!40101 SET character_set_client = @saved_cs_client */;

--
-- Dumping data for table `room`
--

LOCK TABLES `room` WRITE;
/*!40000 ALTER TABLE `room` DISABLE KEYS */;
INSERT INTO `room` VALUES (1,'123','Double Superior','Averto ustulo pectus adfero tabella cedo curiositas aspernatur nostrum porro absorbeo.',253,25,'Booked'),(2,'136','Single Room','Absum omnis denuo ex tenuis deinde fugit decumbo verto termes spectaculum soluta.',147,0,'Booked'),(3,'105','Double Superior','Utpote amo caelestis angustus culpo communis ad comparo curia sui bellicus admoveo.',106,0,'Booked'),(4,'134','Single Room','Paens balbus torqueo subiungo adipiscor sortitus aestus tres amoveo vulnus correptius.',180,20,'Available'),(5,'156','Double Superior','Volubilis verbum aperte strues est speciosus desolo timidus tabernus vicinus tabernus sumo.',149,0,'Available'),(6,'249','Double Room','Creptio necessitatibus accommodo arma caelestis perferendis averto centum armarium tendo.',103,15,'Booked'),(7,'259','Double Superior','Quod voco ustulo debilito eligendi adeptio amplexus speciosus auctor certe.',249,25,'Booked'),(8,'155','Single Room','Cohors molestiae totus subnecto ex aro clibanus amicitia tamdiu aperiam cometes urbanus.',278,25,'Available'),(9,'246','Suite','Facilis sumo calcar deprimo vindico repellendus baiulus aurum degenero contabesco cunabula.',139,0,'Booked'),(10,'294','Single Room','Aeternus vobis soleo caput caecus ustilo solium pecto ocer aggredior.',143,0,'Booked'),(11,'241','Double Superior','Curiositas terebro creo quae cimentarius vomito teneo aliquam tum corrigo.',140,20,'Booked'),(12,'216','Suite','Ater compello viscus vehemens una confugo deleniti tamquam vespillo complectus fugit.',152,0,'Available'),(13,'168','Single Room','Praesentium toties agnitio cogo aequitas vigor civis nostrum volva suspendo.',145,0,'Available'),(14,'213','Suite','Cunctatio ver versus vacuus tracto virga temeritas defungo aqua quisquam aspernatur.',239,10,'Available'),(15,'208','Double Superior','Aufero damnatio territo doloribus similique adsidue caecus aeger bibo aequus patria.',248,10,'Booked'),(16,'154','Single Room','Natus voluptate supra uredo ter vallum aliquid tabula ultra damno.',191,30,'Booked'),(17,'137','Double Superior','Verumtamen crustulum volutabrum tergum alienus beatus carmen aperiam defleo aspernatur.',267,0,'Booked'),(18,'110','Double Room','Anser acquiro teres virgo dens deripio tamquam tabula comparo defero.',174,25,'Available'),(19,'291','Single Room','Aeternus tubineus audacia vesco stultus aut consectetur eligendi territo cernuus umerus.',265,0,'Booked'),(20,'289','Single Room','Calamitas collum tempora error caritas paens decipio tum barba bellicus tondeo.',161,15,'Available'),(21,'159','Double Room','Nisi aperte crur ademptio calamitas a caute crastinus tres thema pariatur.',211,30,'Booked'),(22,'295','Double Superior','Careo quaerat claudeo tener communis saepe vilis color viduo delinquo comminor adopto.',121,25,'Available'),(23,'290','Double Superior','Utrimque consuasor astrum quibusdam cras demitto annus voluptas termes vereor uxor.',135,5,'Available'),(24,'144','Double Superior','Consequuntur altus eos canonicus demoror venio eum commodo vigor aperio clarus.',269,25,'Available'),(25,'242','Double Room','Cursus conduco capio comedo tyrannus appono animus esse repellendus magnam.',289,0,'Booked'),(26,'167','Double Superior','Culpo deputo minima victoria rem cubitum vado comitatus ventito dedecor.',147,10,'Booked'),(27,'262','Double Superior','Bibo temporibus demulceo ater censura video baiulus vorago abbas vitae taedium.',179,10,'Available'),(28,'173','Double Room','Qui adsuesco apto eum qui ver cattus nisi talis vesco sed.',167,0,'Booked'),(29,'142','Single Room','Aeger volo tum veniam tergeo absens voluptas subito sollicito demonstro.',285,0,'Booked'),(30,'291','Double Room','Denuncio adinventitias brevis delego mollitia cupiditas vere tergum arcesso aequus ducimus.',248,0,'Booked'),(31,'215','Suite','Cauda vinitor alioqui cognatus adamo delego fugit vesica soleo cubo voluptate.',281,20,'Booked'),(32,'285','Single Room','Derelinquo possimus universe abbas odio administratio assumenda careo depopulo casso.',186,0,'Available'),(33,'204','Single Room','Aeger acervus iusto tenuis valde cariosus ante appositus angustus xiphias.',202,20,'Booked'),(34,'260','Suite','Delego tenax cresco aegre subvenio depopulo nisi viduo claustrum placeat certus.',225,0,'Booked'),(35,'164','Double Superior','Tribuo patria curatio voro excepturi urbanus creta inventore repellendus cur conturbo cura.',169,20,'Booked'),(36,'189','Double Superior','Antepono bestia appono tergo denego spiculum libero subiungo armarium arbustum numquam.',291,0,'Booked'),(37,'281','Double Superior','Utilis stultus arguo temporibus curtus custodia delectatio custodia strues solum.',164,0,'Booked'),(38,'106','Double Superior','Depromo vigilo barba ventosus officiis tredecim canonicus adeptio alii via.',270,5,'Booked'),(39,'119','Suite','Varietas cotidie contego absorbeo amet adflicto dolorem statua censura adeo talus.',158,5,'Available'),(40,'278','Double Superior','Cerno unus advoco callide denego virtus demitto officiis impedit aestas basium.',106,5,'Available'),(41,'238','Double Room','Careo solutio vitae demens vere tantillus cauda vespillo viriliter claro synagoga.',195,0,'Booked'),(42,'251','Suite','Cattus vel deserunt tantum audax usus dens vereor arguo arbustum uter.',112,0,'Booked'),(43,'219','Single Room','Subseco tam cupressus volutabrum coma arx adeptio celebrer spectaculum decerno ultra amplitudo.',235,5,'Booked'),(44,'204','Suite','Cruciamentum circumvenio tibi delicate creta absorbeo amissio sollicito autem admoneo vereor.',132,0,'Available'),(45,'183','Double Superior','Carcer calculus aqua ancilla tantillus cibo tripudio sperno inflammatio blandior.',119,30,'Booked'),(46,'223','Double Room','Iure collum velut aetas modi ago amissio adflicto vomito sumo.',256,0,'Booked'),(47,'159','Double Room','Brevis socius comminor admoveo comitatus vigor tabella adipisci talis tener vis careo.',258,20,'Available'),(48,'205','Double Room','Libero rerum admoneo quia ipsa vix quos vulgaris aequus subnecto cognomen.',233,20,'Available'),(49,'285','Double Superior','Comitatus volup nihil minima tersus tam tertius arma ver est votum voluntarius.',223,0,'Booked'),(50,'230','Double Room','Conturbo cenaculum conduco capio curiositas civis ter aiunt decor derelinquo vacuus urbanus.',207,0,'Available'),(51,'125','Double Room','Approbo currus curis bellum tremo qui curto deludo antea vorax.',217,15,'Available'),(52,'228','Single Room','Conicio alveus adicio supra templum ultio curia vulgus vorax sollicito terminatio.',270,0,'Available'),(53,'285','Suite','Versus terra atqui volaticus torrens voluptatem decimus doloribus et defungo aro credo.',129,0,'Available'),(54,'188','Double Room','Volva soleo tandem angelus eveniet balbus uxor centum tollo auxilium convoco.',218,0,'Booked'),(55,'233','Double Superior','Appello vos vestrum anser vere tego tenuis aedificium argentum atque molestiae.',141,0,'Available'),(56,'138','Suite','Bonus cresco auxilium virgo benigne conscendo calcar vicinus ater abscido cernuus.',107,10,'Booked'),(57,'285','Double Superior','Adaugeo subiungo territo ratione totus tametsi terror veritas urbanus sed amiculum antea.',173,0,'Booked'),(58,'156','Double Superior','Cupiditas accusator comburo dolorum thesaurus esse cupiditate tempore calamitas derelinquo.',299,0,'Available'),(59,'200','Single Room','Laudantium amissio pecto clibanus creator venustas solitudo theca patior thesis.',259,0,'Available'),(60,'181','Double Superior','Administratio tunc apud velum utor surgo stultus aiunt debilito coadunatio.',232,0,'Booked'),(61,'210','Single Room','Certe attollo decimus contigo dicta appello adipiscor venustas nisi villa.',158,0,'Booked'),(62,'156','Double Superior','Sordeo crustulum sumptus currus urbs verumtamen temporibus attollo debilito vacuus.',262,0,'Available'),(63,'238','Double Superior','Solutio torrens decens suadeo vilitas audeo supra vinco vilicus curso basium.',288,20,'Booked'),(64,'270','Suite','In ancilla adimpleo depraedor dolorum callide conicio tener alioqui desparatus atrocitas appositus.',144,0,'Booked'),(65,'123','Single Room','Spes artificiose xiphias ubi stips careo torrens cariosus bene surculus.',289,0,'Available'),(66,'184','Double Room','In calculus quaerat perferendis amissio vita et ager averto bene.',107,5,'Available'),(67,'218','Double Superior','Arto demo audeo complectus odio carus usus tolero vicissitudo urbanus deficio vulnero.',213,10,'Available'),(68,'222','Suite','Acerbitas varietas valetudo magni trucido vorago est tego suffragium mollitia.',169,0,'Available'),(69,'144','Double Superior','Alias tutamen baiulus odit timidus aequus aequus calamitas suppellex depopulo adnuo.',199,10,'Booked'),(70,'126','Single Room','Annus ars aro temeritas inventore dens avaritia pax sunt celebrer audeo.',216,0,'Booked'),(71,'272','Single Room','Trepide quisquam similique tempus rem thema agnosco cattus vulnus dens.',248,20,'Booked'),(72,'222','Suite','Utrimque sortitus demitto valde tabella ager arceo denuo tristis sum uberrime vesper.',198,15,'Available'),(73,'129','Single Room','Aegrotatio comedo depereo apparatus voluptatibus in taceo deleniti angulus adduco.',273,20,'Booked'),(74,'275','Double Superior','Thermae quaerat sopor patria delinquo aperio cornu tum spes appono bardus inventore.',233,0,'Available'),(75,'174','Double Superior','Ultra sub utilis temperantia aperio acquiro ex tametsi tabula considero triduana.',183,0,'Booked'),(76,'161','Double Superior','Balbus architecto turbo tergeo facilis tempore bestia vestigium voluptas molestiae.',219,0,'Booked'),(77,'290','Suite','Sonitus arca natus voluptatibus uxor vomito alius cometes pecco termes subnecto anser.',239,15,'Booked'),(78,'141','Single Room','Delectatio desidero aestivus terror demoror sustineo denuo adsum depromo pectus.',153,0,'Available'),(79,'147','Double Superior','Adopto cubitum copia ventito utpote caute despecto advoco velum demitto deduco surculus.',169,25,'Booked'),(80,'150','Suite','Tolero ventito ipsum delinquo tepesco cito verbum ager alias dens ut cerno.',172,0,'Available');
/*!40000 ALTER TABLE `room` ENABLE KEYS */;
UNLOCK TABLES;

--
-- Table structure for table `room_amenities`
--

DROP TABLE IF EXISTS `room_amenities`;
/*!40101 SET @saved_cs_client     = @@character_set_client */;
/*!50503 SET character_set_client = utf8mb4 */;
CREATE TABLE `room_amenities` (
  `room_id` int NOT NULL,
  `amenity_id` int NOT NULL,
  KEY `room_id` (`room_id`),
  KEY `amenity_id` (`amenity_id`),
  CONSTRAINT `room_amenities_ibfk_1` FOREIGN KEY (`room_id`) REFERENCES `room` (`id`) ON DELETE CASCADE ON UPDATE CASCADE,
  CONSTRAINT `room_amenities_ibfk_2` FOREIGN KEY (`amenity_id`) REFERENCES `amenity` (`id`)
) ENGINE=InnoDB DEFAULT CHARSET=utf8mb4 COLLATE=utf8mb4_0900_ai_ci;
/*!40101 SET character_set_client = @saved_cs_client */;

--
-- Dumping data for table `room_amenities`
--

LOCK TABLES `room_amenities` WRITE;
/*!40000 ALTER TABLE `room_amenities` DISABLE KEYS */;
INSERT INTO `room_amenities` VALUES (1,1),(1,2),(1,3),(1,4),(1,5),(1,6),(2,1),(2,2),(2,3),(2,4),(2,5),(2,6),(3,1),(3,2),(3,3),(3,4),(3,5),(3,6),(4,1),(4,2),(4,3),(4,4),(4,5),(4,6),(5,1),(5,2),(5,3),(5,4),(5,5),(5,6),(6,1),(6,2),(6,3),(6,4),(6,5),(6,6),(7,1),(7,2),(7,3),(7,4),(7,5),(7,6),(8,1),(8,2),(8,3),(8,4),(8,5),(8,6),(9,1),(9,2),(9,3),(9,4),(9,5),(9,6),(10,1),(10,2),(10,3),(10,4),(10,5),(10,6),(11,1),(11,2),(11,3),(11,4),(11,5),(11,6),(12,1),(12,2),(12,3),(12,4),(12,5),(12,6),(13,1),(13,2),(13,3),(13,4),(13,5),(13,6),(14,1),(14,2),(14,3),(14,4),(14,5),(14,6),(15,1),(15,2),(15,3),(15,4),(15,5),(15,6),(16,1),(16,2),(16,3),(16,4),(16,5),(16,6),(17,1),(17,2),(17,3),(17,4),(17,5),(17,6),(18,1),(18,2),(18,3),(18,4),(18,5),(18,6),(19,1),(19,2),(19,3),(19,4),(19,5),(19,6),(20,1),(20,2),(20,3),(20,4),(20,5),(20,6),(21,1),(21,2),(21,3),(21,4),(21,5),(21,6),(22,1),(22,2),(22,3),(22,4),(22,5),(22,6),(23,1),(23,2),(23,3),(23,4),(23,5),(23,6),(24,1),(24,2),(24,3),(24,4),(24,5),(24,6),(25,1),(25,2),(25,3),(25,4),(25,5),(25,6),(26,1),(26,2),(26,3),(26,4),(26,5),(26,6),(27,1),(27,2),(27,3),(27,4),(27,5),(27,6),(28,1),(28,2),(28,3),(28,4),(28,5),(28,6),(29,1),(29,2),(29,3),(29,4),(29,5),(29,6),(30,1),(30,2),(30,3),(30,4),(30,5),(30,6),(31,1),(31,2),(31,3),(31,4),(31,5),(31,6),(32,1),(32,2),(32,3),(32,4),(32,5),(32,6),(33,1),(33,2),(33,3),(33,4),(33,5),(33,6),(34,1),(34,2),(34,3),(34,4),(34,5),(34,6),(35,1),(35,2),(35,3),(35,4),(35,5),(35,6),(36,1),(36,2),(36,3),(36,4),(36,5),(36,6),(37,1),(37,2),(37,3),(37,4),(37,5),(37,6),(38,1),(38,2),(38,3),(38,4),(38,5),(38,6),(39,1),(39,2),(39,3),(39,4),(39,5),(39,6),(40,1),(40,2),(40,3),(40,4),(40,5),(40,6),(41,1),(41,2),(41,3),(41,4),(41,5),(41,6),(42,1),(42,2),(42,3),(42,4),(42,5),(42,6),(43,1),(43,2),(43,3),(43,4),(43,5),(43,6),(44,1),(44,2),(44,3),(44,4),(44,5),(44,6),(45,1),(45,2),(45,3),(45,4),(45,5),(45,6),(46,1),(46,2),(46,3),(46,4),(46,5),(46,6),(47,1),(47,2),(47,3),(47,4),(47,5),(47,6),(48,1),(48,2),(48,3),(48,4),(48,5),(48,6),(49,1),(49,2),(49,3),(49,4),(49,5),(49,6),(50,1),(50,2),(50,3),(50,4),(50,5),(50,6),(51,1),(51,2),(51,3),(51,4),(51,5),(51,6),(52,1),(52,2),(52,3),(52,4),(52,5),(52,6),(53,1),(53,2),(53,3),(53,4),(53,5),(53,6),(54,1),(54,2),(54,3),(54,4),(54,5),(54,6),(55,1),(55,2),(55,3),(55,4),(55,5),(55,6),(56,1),(56,2),(56,3),(56,4),(56,5),(56,6),(57,1),(57,2),(57,3),(57,4),(57,5),(57,6),(58,1),(58,2),(58,3),(58,4),(58,5),(58,6),(59,1),(59,2),(59,3),(59,4),(59,5),(59,6),(60,1),(60,2),(60,3),(60,4),(60,5),(60,6),(61,1),(61,2),(61,3),(61,4),(61,5),(61,6),(62,1),(62,2),(62,3),(62,4),(62,5),(62,6),(63,1),(63,2),(63,3),(63,4),(63,5),(63,6),(64,1),(64,2),(64,3),(64,4),(64,5),(64,6),(65,1),(65,2),(65,3),(65,4),(65,5),(65,6),(66,1),(66,2),(66,3),(66,4),(66,5),(66,6),(67,1),(67,2),(67,3),(67,4),(67,5),(67,6),(68,1),(68,2),(68,3),(68,4),(68,5),(68,6),(69,1),(69,2),(69,3),(69,4),(69,5),(69,6),(70,1),(70,2),(70,3),(70,4),(70,5),(70,6),(71,1),(71,2),(71,3),(71,4),(71,5),(71,6),(72,1),(72,2),(72,3),(72,4),(72,5),(72,6),(73,1),(73,2),(73,3),(73,4),(73,5),(73,6),(74,1),(74,2),(74,3),(74,4),(74,5),(74,6),(75,1),(75,2),(75,3),(75,4),(75,5),(75,6),(76,1),(76,2),(76,3),(76,4),(76,5),(76,6),(77,1),(77,2),(77,3),(77,4),(77,5),(77,6),(78,1),(78,2),(78,3),(78,4),(78,5),(78,6),(79,1),(79,2),(79,3),(79,4),(79,5),(79,6),(80,1),(80,2),(80,3),(80,4),(80,5),(80,6);
/*!40000 ALTER TABLE `room_amenities` ENABLE KEYS */;
UNLOCK TABLES;

--
-- Table structure for table `user`
--

DROP TABLE IF EXISTS `user`;
/*!40101 SET @saved_cs_client     = @@character_set_client */;
/*!50503 SET character_set_client = utf8mb4 */;
CREATE TABLE `user` (
  `id` int NOT NULL AUTO_INCREMENT,
  `photo` varchar(255) NOT NULL,
  `username` varchar(45) NOT NULL,
  `position` varchar(45) NOT NULL,
  `email` varchar(45) NOT NULL,
  `password` varchar(45) NOT NULL,
  `start_date` date NOT NULL,
  `job_description` varchar(255) NOT NULL,
  `contact` varchar(45) NOT NULL,
  `activity` varchar(45) NOT NULL,
  PRIMARY KEY (`id`)
) ENGINE=InnoDB AUTO_INCREMENT=11 DEFAULT CHARSET=utf8mb4 COLLATE=utf8mb4_0900_ai_ci;
/*!40101 SET character_set_client = @saved_cs_client */;

--
-- Dumping data for table `user`
--

LOCK TABLES `user` WRITE;
/*!40000 ALTER TABLE `user` DISABLE KEYS */;
INSERT INTO `user` VALUES (1,'https://cloudflare-ipfs.com/ipfs/Qmd3W5DuhgHirLHGVixi6V76LhCkZUz6pnFt5AJBiyvHye/avatar/242.jpg','Elmer85','Room Service','Delilah18@mirandahotel.com','hSM_JZW4r03BqS25oC0e','2024-10-01','Corporate Branding Assistant','513-522-7423','active'),(2,'https://avatars.githubusercontent.com/u/20377574','Mike_Runolfsdottir74','Manager','Carlotta93@mirandahotel.com','3glw4js2FtgV1zH3KPxt','2024-11-04','National Security Officer','1-204-767-9940 x75559','inactive'),(3,'https://avatars.githubusercontent.com/u/2857057','David61','Room Service','Rashawn_Hauck97@mirandahotel.com','AS6H8_dWKpml6eMrd_Oe','2024-09-30','Central Division Developer','671.345.7526','inactive'),(4,'https://cloudflare-ipfs.com/ipfs/Qmd3W5DuhgHirLHGVixi6V76LhCkZUz6pnFt5AJBiyvHye/avatar/949.jpg','Mafalda_Hudson94','Manager','Carmela_Huels@mirandahotel.com','ARcxV1I4DgNGr6ewY0cK','2024-01-02','Central Factors Designer','610.356.0875','active'),(5,'https://cloudflare-ipfs.com/ipfs/Qmd3W5DuhgHirLHGVixi6V76LhCkZUz6pnFt5AJBiyvHye/avatar/364.jpg','Rosa36','Receptionist','Arch.Haag18@mirandahotel.com','2dGZuWAExh_4k817WfvU','2023-12-13','Corporate Response Manager','(885) 321-2617','active'),(6,'https://avatars.githubusercontent.com/u/91707940','Tracey.Mohr16','Receptionist','Easton.Conn10@mirandahotel.com','MvYR1wnmVdOW2bnM06Qa','2024-10-18','Product Research Planner','416.838.8360 x07669','active'),(7,'https://cloudflare-ipfs.com/ipfs/Qmd3W5DuhgHirLHGVixi6V76LhCkZUz6pnFt5AJBiyvHye/avatar/394.jpg','Selmer.Larson81','Manager','Alivia82@mirandahotel.com','zX4IkMTIlvtQOupo_aCA','2024-12-08','Dynamic Operations Engineer','1-434-837-6954 x300','active'),(8,'https://avatars.githubusercontent.com/u/37570866','Wava49','Manager','Darian.Anderson35@mirandahotel.com','s42aGry1hxe94YnGaFTx','2024-07-29','Senior Directives Representative','979.924.9189 x356','active'),(9,'https://avatars.githubusercontent.com/u/63324424','Hazel.Weber64','Receptionist','Shaylee_Schoen@mirandahotel.com','CUb66Ikp6xheSv_zQRvN','2024-06-30','National Optimization Orchestrator','917.931.6806 x588','inactive'),(10,'https://cloudflare-ipfs.com/ipfs/Qmd3W5DuhgHirLHGVixi6V76LhCkZUz6pnFt5AJBiyvHye/avatar/302.jpg','Dangelo.Ondricka10','Receptionist','Jeffery_Hirthe96@mirandahotel.com','T3CeiQj4HvUFooXZ8fHe','2024-07-01','Investor Web Coordinator','(797) 269-9942 x93769','inactive');
/*!40000 ALTER TABLE `user` ENABLE KEYS */;
UNLOCK TABLES;
/*!40103 SET TIME_ZONE=@OLD_TIME_ZONE */;

/*!40101 SET SQL_MODE=@OLD_SQL_MODE */;
/*!40014 SET FOREIGN_KEY_CHECKS=@OLD_FOREIGN_KEY_CHECKS */;
/*!40014 SET UNIQUE_CHECKS=@OLD_UNIQUE_CHECKS */;
/*!40101 SET CHARACTER_SET_CLIENT=@OLD_CHARACTER_SET_CLIENT */;
/*!40101 SET CHARACTER_SET_RESULTS=@OLD_CHARACTER_SET_RESULTS */;
/*!40101 SET COLLATION_CONNECTION=@OLD_COLLATION_CONNECTION */;
/*!40111 SET SQL_NOTES=@OLD_SQL_NOTES */;

-- Dump completed on 2023-12-12 14:23:41
