CREATE DATABASE  IF NOT EXISTS `mirandalaravel` /*!40100 DEFAULT CHARACTER SET utf8mb4 COLLATE utf8mb4_0900_ai_ci */ /*!80016 DEFAULT ENCRYPTION='N' */;
USE `mirandalaravel`;
-- MySQL dump 10.13  Distrib 8.0.34, for Win64 (x86_64)
--
-- Host: localhost    Database: mirandalaravel
-- ------------------------------------------------------
-- Server version	8.0.35-0ubuntu0.22.04.1

/*!40101 SET @OLD_CHARACTER_SET_CLIENT=@@CHARACTER_SET_CLIENT */;
/*!40101 SET @OLD_CHARACTER_SET_RESULTS=@@CHARACTER_SET_RESULTS */;
/*!40101 SET @OLD_COLLATION_CONNECTION=@@COLLATION_CONNECTION */;
/*!50503 SET NAMES utf8 */;
/*!40103 SET @OLD_TIME_ZONE=@@TIME_ZONE */;
/*!40103 SET TIME_ZONE='+00:00' */;
/*!40014 SET @OLD_UNIQUE_CHECKS=@@UNIQUE_CHECKS, UNIQUE_CHECKS=0 */;
/*!40014 SET @OLD_FOREIGN_KEY_CHECKS=@@FOREIGN_KEY_CHECKS, FOREIGN_KEY_CHECKS=0 */;
/*!40101 SET @OLD_SQL_MODE=@@SQL_MODE, SQL_MODE='NO_AUTO_VALUE_ON_ZERO' */;
/*!40111 SET @OLD_SQL_NOTES=@@SQL_NOTES, SQL_NOTES=0 */;

--
-- Table structure for table `amenity`
--

DROP TABLE IF EXISTS `amenity`;
/*!40101 SET @saved_cs_client     = @@character_set_client */;
/*!50503 SET character_set_client = utf8mb4 */;
CREATE TABLE `amenity` (
  `id` int NOT NULL AUTO_INCREMENT,
  `amenity` varchar(45) NOT NULL,
  PRIMARY KEY (`id`)
) ENGINE=InnoDB AUTO_INCREMENT=12 DEFAULT CHARSET=utf8mb4 COLLATE=utf8mb4_0900_ai_ci;
/*!40101 SET character_set_client = @saved_cs_client */;

--
-- Dumping data for table `amenity`
--

LOCK TABLES `amenity` WRITE;
/*!40000 ALTER TABLE `amenity` DISABLE KEYS */;
INSERT INTO `amenity` VALUES (1,'1/3 Bed Space'),(2,'24-Hour Guard'),(3,'Free Wifi'),(4,'Air Conditioner'),(5,'Television'),(6,'Towels'),(7,'Mini Bar'),(8,'Coffee Set'),(9,'Bathtub'),(10,'Jacuzzi'),(11,'Nice Views');
/*!40000 ALTER TABLE `amenity` ENABLE KEYS */;
UNLOCK TABLES;

--
-- Table structure for table `booking`
--

DROP TABLE IF EXISTS `booking`;
/*!40101 SET @saved_cs_client     = @@character_set_client */;
/*!50503 SET character_set_client = utf8mb4 */;
CREATE TABLE `booking` (
  `id` int NOT NULL AUTO_INCREMENT,
  `name` varchar(45) NOT NULL,
  `surname` varchar(45) NOT NULL,
  `email` varchar(255) NOT NULL,
  `phone` varchar(45) NOT NULL,
  `order_date` datetime NOT NULL DEFAULT CURRENT_TIMESTAMP,
  `check_in` datetime NOT NULL,
  `check_out` datetime NOT NULL,
  `special_request` varchar(255) NOT NULL,
  `room_id` int NOT NULL,
  `price` varchar(45) NOT NULL,
  `status` varchar(45) NOT NULL,
  PRIMARY KEY (`id`),
  KEY `room_id` (`room_id`),
  CONSTRAINT `booking_ibfk_1` FOREIGN KEY (`room_id`) REFERENCES `room` (`id`) ON DELETE CASCADE ON UPDATE CASCADE
) ENGINE=InnoDB AUTO_INCREMENT=81 DEFAULT CHARSET=utf8mb4 COLLATE=utf8mb4_0900_ai_ci;
/*!40101 SET character_set_client = @saved_cs_client */;

--
-- Dumping data for table `booking`
--

LOCK TABLES `booking` WRITE;
/*!40000 ALTER TABLE `booking` DISABLE KEYS */;
INSERT INTO `booking` VALUES (1,'Aron','Vandervort','Hillard12@hotelmiranda.com','219.510.8022 x302','2023-12-11 18:19:39','2024-05-20 19:55:37','2024-12-02 12:43:36','Non certus terminatio arma bonus tondeo aggero cervus tyrannus dolores tabgo coepi verbera turpis tredecim decretum ciminatio sordeo alienus advenio tristis talio.',70,'255','Check Out'),(2,'Kyra','Thompson','Elyssa.Medhurst@hotelmiranda.com','1-642-342-0742 x53290','2023-12-11 18:19:39','2023-12-26 06:54:56','2024-03-31 08:37:08','Vito volva ventus et amet suggero tondeo utilis cubitum cognatus audax cultura suasoria contigo spiculum derelinquo capio compello beatae.',62,'168','Check Out'),(3,'Annette','Zboncak','Tate.Stamm-Kessler@hotelmiranda.com','1-274-757-7519 x109','2023-12-11 18:19:39','2024-04-05 17:43:32','2024-05-18 23:21:49','Apud pectus thorax vulgus vitae venia repellat teneo quas adipiscor paulatim trepide conqueror creber.',44,'150','In Progress'),(4,'Marlon','Renner','Elvie_Bednar@hotelmiranda.com','1-663-666-9271 x882','2023-12-11 18:19:39','2024-12-07 09:32:14','2024-12-08 07:15:44','Voco subvenio concedo stillicidium tam appello creta certe dignissimos adflicto trado sulum molestias abduco viscus cum creta velut.',9,'298','Check In'),(5,'Federico','Pagac','Rafael.Witting10@hotelmiranda.com','751.203.3639','2023-12-11 18:19:39','2024-12-08 10:21:43','2024-12-08 19:18:31','Temperantia claro confugo ducimus tepidus crustulum vitiosus apostolus decens cervus demens vinculum aestus ter creo spectaculum corrupti creta capillus acervus calco.',6,'182','Check Out'),(6,'Jarrell','Monahan','Lelia_Ryan84@hotelmiranda.com','(265) 717-9984','2023-12-11 18:19:39','2024-12-04 18:49:32','2024-12-06 01:49:05','Capto molestias suus assumenda audeo ago corrigo arbustum vel desolo confido unus speciosus commodi tertius cometes absque talus aggredior explicabo credo.',52,'120','Check Out'),(7,'Justyn','Sporer','Chance66@hotelmiranda.com','(971) 494-5914 x941','2023-12-11 18:19:39','2024-12-09 13:18:44','2024-12-09 18:52:12','Valeo templum consequuntur temperantia vereor utroque summopere laboriosam aro contego tametsi tertius solutio suus alveus cibo vulgo sopor verto amissio usque desipio volaticus absorbeo compono.',29,'250','Check Out'),(8,'Geo','Roberts','Karen18@hotelmiranda.com','270.235.2697 x703','2023-12-11 18:19:39','2024-12-04 08:29:03','2024-12-04 12:16:58','Quis ut absque apostolus iste suggero demergo utrum truculenter studio depraedor arca derelinquo curriculum aspernatur creptio amissio currus tepesco capitulus ambitus adeo subiungo ut.',29,'246','Check In'),(9,'Kendra','Olson','Electa.Hettinger36@hotelmiranda.com','770.410.7098 x4714','2023-12-11 18:19:39','2024-12-10 15:09:51','2024-12-11 14:01:15','Abduco ventito cinis socius tergo ancilla correptius spiritus debeo suppellex copia.',42,'294','In Progress'),(10,'Laurie','Stamm','Chandler.Leuschke@hotelmiranda.com','1-501-737-2887 x316','2023-12-11 18:19:39','2024-12-06 03:29:16','2024-12-06 04:23:55','Curso complectus repudiandae coadunatio perspiciatis xiphias adstringo aureus tepidus nesciunt acer pax.',61,'113','Check Out'),(11,'Delores','Johns','Hayley.Auer50@hotelmiranda.com','810.533.4446','2023-12-11 18:19:39','2024-12-10 12:11:38','2024-12-10 13:05:07','Adhaero baiulus accedo vis canto acsi dicta facilis suadeo adopto sufficio tenax tactus sub aufero demoror vomer facilis abbas tenus bardus impedit.',66,'160','Check Out'),(12,'Willard','Jacobi','Hazel45@hotelmiranda.com','987.966.4860 x5072','2023-12-11 18:19:39','2024-12-10 05:47:48','2024-12-10 09:27:26','Venia alii thermae desino adduco conduco reprehenderit utrimque alius stipes amor caelestis.',6,'284','Check Out'),(13,'Caterina','Hermann','Chad46@hotelmiranda.com','1-631-663-6397','2023-12-11 18:19:39','2023-12-16 23:09:47','2023-12-23 16:19:25','Commemoro similique dens traho veniam cura tempora thorax.',60,'257','In Progress'),(14,'Danial','Sanford','Mckayla84@hotelmiranda.com','559-890-6575','2023-12-11 18:19:39','2024-12-02 12:52:01','2024-12-03 23:02:40','Bellicus damnatio corporis aequitas totam cum curto possimus solvo cogito surculus.',24,'247','Check Out'),(15,'Kylie','Emmerich','Drake.Hansen@hotelmiranda.com','1-807-503-9890 x7871','2023-12-11 18:19:39','2024-12-09 21:09:51','2024-12-10 04:12:29','Quo summisse suscipit eaque beneficium textilis caput tabernus volva turba ater cura vulnus admitto.',57,'114','Check Out'),(16,'Jodie','Farrell','Thad_Pollich@hotelmiranda.com','833-578-2956','2023-12-11 18:19:39','2024-12-06 09:16:47','2024-12-06 19:47:53','Tyrannus advenio bonus fugit adulatio arto adstringo celer voluptas abscido aliqua amplitudo ambulo adeo volup venio tergo.',44,'160','Check In'),(17,'Kip','Green','Judge52@hotelmiranda.com','(301) 246-2105 x2969','2023-12-11 18:19:39','2024-12-06 22:00:49','2024-12-06 22:12:03','Umbra angelus caveo sollers cicuta degero solus timor triduana cohaero tenuis campana votum demoror.',19,'217','Check Out'),(18,'Cyrus','Lang','Dayton.West39@hotelmiranda.com','261.727.8063','2023-12-11 18:19:39','2024-12-09 02:23:17','2024-12-09 13:08:18','Aeternus vacuus vilis terreo trado cunctatio speciosus temeritas spiculum vigilo utroque aedificium audio vigor tergiversatio summisse demitto.',50,'149','In Progress'),(19,'Makayla','Blick','Novella_Ferry23@hotelmiranda.com','1-509-871-7775','2023-12-11 18:19:39','2023-12-24 14:25:10','2023-12-25 23:48:39','Adfero occaecati cubitum suppono utpote recusandae calculus surgo cribro callide comitatus cenaculum atqui adduco magnam quo assumenda asper comptus.',52,'261','Check In'),(20,'Sharon','Lebsack','Gregoria_Kerluke-Cruickshank99@hotelmiranda.com','434.953.8624','2023-12-11 18:19:39','2024-12-07 06:22:14','2024-12-07 09:09:49','Deinde adopto earum velociter acies ventito tego thymum vetus.',32,'281','Check In'),(21,'Elta','Corkery','Haylee36@hotelmiranda.com','521.217.1011 x07096','2023-12-11 18:19:39','2024-12-06 22:33:36','2024-12-07 02:25:39','Apud minima thema coadunatio confido ustulo adulescens absorbeo suscipio aestivus ara beatae sunt vorax comis appositus vallum similique doloribus.',25,'100','Check In'),(22,'Russel','Dicki','Demarcus44@hotelmiranda.com','583.530.6060 x208','2023-12-11 18:19:39','2023-12-12 16:32:27','2023-12-13 04:16:30','Comes cimentarius aperte maxime creo veritas arbustum.',24,'270','In Progress'),(23,'Xzavier','Osinski','Lonnie.Emmerich@hotelmiranda.com','406-910-7117 x6985','2023-12-11 18:19:39','2024-04-02 03:59:44','2024-04-02 16:35:57','Sursum convoco venustas defetiscor praesentium deficio anser allatus sto magni aurum quasi veritatis officia incidunt celebrer thermae curo.',64,'266','In Progress'),(24,'Alejandrin','Yost-Kshlerin','Hudson_Franey@hotelmiranda.com','205-972-2126 x943','2023-12-11 18:19:39','2024-12-04 15:23:01','2024-12-04 15:58:06','Deduco aeternus cur casus cerno suppono cumque voluntarius iusto cado arbitro amplitudo repellat uxor administratio texo compello verbum ustulo corona magnam.',48,'244','In Progress'),(25,'Wiley','Veum','Greta75@hotelmiranda.com','301-776-7487 x0388','2023-12-11 18:19:39','2023-12-13 09:19:12','2023-12-16 01:26:44','Suffragium asporto valetudo viridis curto clam una decens appono cado debilito volup acidus undique sufficio deleniti tandem circumvenio strues.',29,'153','In Progress'),(26,'Glen','Hilpert','Yoshiko.Dare68@hotelmiranda.com','908-635-3060 x71731','2023-12-11 18:19:39','2023-12-23 21:35:09','2023-12-24 01:39:35','Appositus sonitus tergo autem patruus laborum cubitum et attonbitus sint amiculum excepturi cohors avarus bibo reiciendis.',28,'228','Check In'),(27,'Newton','Gutmann','Shemar.Dare41@hotelmiranda.com','297-222-8130','2023-12-11 18:19:39','2024-04-04 01:23:06','2024-04-04 17:09:55','Condico cito sublime curtus tantum quisquam vel depopulo bardus audentia vita vis spectaculum calcar adhaero.',65,'162','In Progress'),(28,'Bertrand','Upton','Danyka_Stoltenberg@hotelmiranda.com','331-929-2796','2023-12-11 18:19:39','2024-12-07 03:07:32','2024-12-07 03:42:06','Attollo quod conforto tandem tempora amissio aetas creptio subiungo derideo dicta alienus.',8,'173','Check Out'),(29,'Agnes','Larkin','Eloisa_OKon47@hotelmiranda.com','(571) 520-7762 x867','2023-12-11 18:19:39','2024-03-31 21:00:20','2024-04-01 15:21:16','Ullus caecus arbustum amicitia voluptates nemo corroboro toties canto decerno voveo triduana hic contigo defleo derelinquo autem concido vinco cupiditate aedificium arma vitium thorax caput.',78,'258','In Progress'),(30,'Janis','Dietrich-Boyle','Maya.Mohr@hotelmiranda.com','329-496-6277 x16473','2023-12-11 18:19:39','2024-12-08 22:11:50','2024-12-09 00:53:10','Subvenio accusator derideo voluntarius titulus textor deprecator administratio tametsi coadunatio aurum quas volup volubilis casso amet alter credo arguo conicio quibusdam virtus thesis deinde.',79,'179','Check In'),(31,'Wiley','Friesen','Ludwig.Mante29@hotelmiranda.com','(918) 245-0102 x1246','2023-12-11 18:19:39','2024-04-05 10:44:03','2024-04-05 17:05:06','Cornu dapifer auctor testimonium absorbeo soluta tam studio strues aranea aequus suscipio verumtamen temeritas iure conicio expedita sapiente cibo deserunt dedecor caterva tum facere turpis.',34,'110','Check In'),(32,'Kathleen','Streich','Dagmar.Hane60@hotelmiranda.com','(412) 224-3310 x427','2023-12-11 18:19:39','2024-12-04 00:41:49','2024-12-04 05:26:48','Cruciamentum aegre spes communis ea illo pectus vulgaris deprecator atrox alioqui conculco tabgo arbustum voveo.',61,'171','Check In'),(33,'Tom','Howell','Zachariah_Ziemann93@hotelmiranda.com','(710) 542-8008 x626','2023-12-11 18:19:39','2024-12-06 05:21:46','2024-12-06 09:11:20','Volo tremo deficio tametsi solutio denego cupiditas stips ventito cotidie abduco ambulo alioqui usitas unus suppono utor tumultus angustus.',4,'258','In Progress'),(34,'Bernhard','Heaney','Terry.Gleichner59@hotelmiranda.com','1-295-469-7160 x32142','2023-12-11 18:19:39','2024-05-19 16:56:36','2024-05-20 10:05:16','Denego sit quisquam verbera sto dolores canis autem.',49,'233','Check In'),(35,'Lea','Ryan','Adrien_Gleichner@hotelmiranda.com','910-769-1057 x74334','2023-12-11 18:19:39','2024-12-10 13:05:56','2024-12-10 14:48:58','Crastinus adfero talio statim claro tero aspicio cresco studio repudiandae testimonium aduro ducimus concedo minima titulus dolorum sit condico vereor urbanus contigo.',24,'286','Check Out'),(36,'Baby','Hand','Madge73@hotelmiranda.com','1-845-209-6346','2023-12-11 18:19:39','2024-04-02 16:58:18','2024-04-03 04:12:29','Certus adnuo eaque totidem crustulum adinventitias statim deleo alienus allatus crustulum curatio utique dolorum toties deripio asper corporis volup confugo theca ceno tristis.',40,'142','Check In'),(37,'Milton','Schmeler','Reilly1@hotelmiranda.com','(262) 929-3038 x079','2023-12-11 18:19:39','2024-12-10 10:21:02','2024-12-10 11:02:50','Summisse eveniet adinventitias temperantia alii demoror allatus apparatus colligo eligendi traho terror denuo tabgo crastinus sulum dolorum comis surgo.',9,'298','In Progress'),(38,'Kaci','Rowe','Vella.Conroy@hotelmiranda.com','(365) 815-5812 x847','2023-12-11 18:19:39','2024-04-04 18:57:54','2024-04-05 07:46:44','Deprecator vado curo careo tenax viscus assentator ter conservo audeo libero tunc claustrum perferendis suscipio.',29,'105','Check In'),(39,'Meaghan','Little','Olen5@hotelmiranda.com','1-357-734-2895 x473','2023-12-11 18:19:39','2024-12-09 19:20:13','2024-12-09 19:54:24','Trans thesaurus anser cras conqueror conservo corrupti vestrum custodia canis conicio summa accusator vitae.',21,'105','Check In'),(40,'Norberto','Heaney','Cassandra.Kutch72@hotelmiranda.com','1-804-761-3401 x4945','2023-12-11 18:19:39','2024-12-08 20:12:11','2024-12-08 20:20:41','Velit aer supra hic sed non patria uter vito sulum tepesco tabula assentator amitto concido.',56,'220','Check In'),(41,'Elyse','Goyette','Greta11@hotelmiranda.com','591-859-0424 x891','2023-12-11 18:19:39','2024-12-08 21:40:48','2024-12-08 21:56:54','Velum talus veritas turba ut alveus deripio aeneus.',48,'157','In Progress'),(42,'Cesar','Abbott','Cullen.Breitenberg8@hotelmiranda.com','(285) 222-8262 x875','2023-12-11 18:19:39','2024-12-08 08:19:51','2024-12-08 09:23:28','Debilito cultellus stella contigo verus thema ver absque vilis bellum patria video umerus vaco suasoria nobis brevis cotidie suppono demitto vulariter odio terreo.',74,'138','Check In'),(43,'Cristian','Harvey','Alene.Denesik59@hotelmiranda.com','563-787-6517','2023-12-11 18:19:39','2024-04-03 13:34:27','2024-04-03 14:56:24','Molestias vilitas quod soluta natus chirographum usque defero pariatur claro.',17,'176','Check Out'),(44,'Antonietta','Schultz-Franey','Ruth58@hotelmiranda.com','1-506-884-1370 x94705','2023-12-11 18:19:39','2023-12-12 00:24:29','2023-12-12 11:14:32','Aegre tabgo calcar doloremque compello auditor cupiditas vallum substantia conicio decumbo supplanto carmen utor surgo desidero reprehenderit attero demergo doloremque thermae vinculum subseco conqueror tandem.',67,'199','In Progress'),(45,'Lavinia','Pagac','Fay_Torp90@hotelmiranda.com','875-995-8357 x936','2023-12-11 18:19:39','2024-12-04 05:46:41','2024-12-04 08:23:37','Aiunt cibo statua corrigo arguo iusto blandior ante concido deripio.',8,'165','Check Out'),(46,'Arnulfo','Conroy','Ellen.Gutkowski49@hotelmiranda.com','1-681-755-7743','2023-12-11 18:19:39','2024-12-09 20:39:23','2024-12-09 21:05:05','Somniculosus antepono aegre casso admoveo architecto advoco aegrotatio arbor contabesco rem sumo auctor sustineo asperiores sed coerceo voluptatum similique derideo.',21,'118','Check Out'),(47,'Janelle','Kovacek','Raquel.Rutherford-Schinner15@hotelmiranda.com','1-699-485-9875','2023-12-11 18:19:39','2024-12-07 03:43:24','2024-12-07 04:41:50','Abbas tristis admoveo varius supplanto charisma subvenio defendo cubicularis decipio ambitus uredo angelus territo bene paens adamo appositus officia aduro deorsum adstringo sonitus votum contego.',40,'124','In Progress'),(48,'Ronny','Kessler','Ezequiel73@hotelmiranda.com','(346) 253-4612','2023-12-11 18:19:39','2024-05-19 04:42:22','2024-05-19 16:38:11','Supellex maiores titulus cupiditas charisma nesciunt triumphus conitor acies clementia crepusculum canis coerceo vulticulus ratione ter itaque verto sordeo auxilium omnis.',62,'230','In Progress'),(49,'Lauren','Boehm','Asa31@hotelmiranda.com','210.284.0683 x336','2023-12-11 18:19:39','2024-12-08 20:20:50','2024-12-08 21:07:27','Ullus antepono fugit anser amplitudo clementia adinventitias timor vapulus umerus bibo.',43,'153','In Progress'),(50,'Shannon','Howe','Rosanna_Harris@hotelmiranda.com','626.999.5069 x48050','2023-12-11 18:19:39','2024-12-04 16:21:39','2024-12-04 17:21:44','Certe capitulus uberrime delicate cohaero clibanus coaegresco audacia abscido impedit ambitus via quis tutamen umquam modi varius aetas magnam conor aperiam argentum.',11,'206','Check In'),(51,'Lorenzo','Cassin','Sterling_Senger@hotelmiranda.com','889-330-6058 x256','2023-12-11 18:19:39','2024-12-06 02:26:43','2024-12-06 02:43:56','Cedo blandior arma depereo arceo attollo apparatus.',63,'106','In Progress'),(52,'Avery','Larkin','Fanny98@hotelmiranda.com','388.669.8399 x3313','2023-12-11 18:19:39','2024-12-10 04:13:51','2024-12-10 05:00:23','Itaque beatus ago comes comminor cupio tui vomica aveho terror vicinus provident aut vix urbanus ager labore conduco aegrotatio statua aegrus absque.',61,'238','Check In'),(53,'Francisco','Welch','Hank.Will@hotelmiranda.com','893-376-7715 x9408','2023-12-11 18:19:39','2024-12-08 19:20:37','2024-12-08 19:52:54','Cohaero tabgo conventus alii cervus asper supplanto cuius careo tenax saepe carmen defetiscor cras una sopor avarus.',38,'261','Check Out'),(54,'Angela','Green','Reta7@hotelmiranda.com','1-431-786-2912 x871','2023-12-11 18:19:39','2024-04-01 15:37:23','2024-04-02 02:01:30','Cupiditas centum perferendis caries defendo vitiosus optio antea cumque tamen admiratio textilis curso solio bardus suadeo vesica summisse cursim tempore adamo ducimus aegrus temperantia.',71,'138','Check Out'),(55,'Boyd','Erdman','Ottis34@hotelmiranda.com','1-782-329-5724 x172','2023-12-11 18:19:39','2024-12-09 01:33:53','2024-12-09 01:42:12','Desparatus usus solum vigilo adopto aequus apto ustilo aduro creptio velum voluptatum corroboro turpis astrum tabella.',71,'253','In Progress'),(56,'Jeffry','Mosciski','Jamie73@hotelmiranda.com','(730) 636-8104','2023-12-11 18:19:39','2024-12-04 14:23:05','2024-12-04 14:48:46','Sponte utrum advoco arbor tamisium amitto terebro totus arceo spes decerno conicio acerbitas at conventus sponte.',47,'165','In Progress'),(57,'Rhiannon','Roob','Ronny.Abbott-Macejkovic13@hotelmiranda.com','1-620-920-5839 x61505','2023-12-11 18:19:40','2023-12-24 03:09:05','2023-12-24 06:49:16','Tum corroboro terebro enim comes cotidie censura cenaculum corona cunctatio velit conitor inventore suscipit umerus absorbeo vulariter vespillo.',39,'220','Check In'),(58,'Rudolph','Corkery','Kaitlin_Lockman77@hotelmiranda.com','1-282-221-3363 x20273','2023-12-11 18:19:40','2023-12-16 11:05:46','2023-12-16 13:09:20','Vomica thesis urbs carus conspergo cogo deleo absconditus cometes occaecati textilis amitto utpote accendo ulciscor modi thesis socius amplexus avaritia abscido aperiam utilis demoror.',6,'272','Check In'),(59,'Krista','Ankunding','Enola1@hotelmiranda.com','977-976-7443 x03397','2023-12-11 18:19:40','2024-12-09 19:59:53','2024-12-09 20:08:38','Audio bellicus campana soleo aeneus combibo dens.',28,'211','In Progress'),(60,'Opal','Boyle','Wilford14@hotelmiranda.com','841.807.1433 x2326','2023-12-11 18:19:40','2024-12-10 09:46:35','2024-12-10 09:55:14','Ex pecto utpote confido delicate laborum illum bonus est ambulo circumvenio asper consuasor deprecator damno supra alioqui natus.',61,'218','In Progress'),(61,'Walton','Tromp','Beatrice.White83@hotelmiranda.com','444-531-5882 x947','2023-12-11 18:19:40','2024-12-06 20:10:36','2024-12-06 20:52:28','Stabilis surgo comedo usque substantia natus contigo compello dolor blanditiis audio.',51,'212','Check Out'),(62,'Bobbie','Reinger','Lydia_Jaskolski79@hotelmiranda.com','629.251.7163 x4080','2023-12-11 18:19:40','2024-12-06 21:12:19','2024-12-06 21:17:21','Corporis adnuo impedit vinco quia civis deficio animi comes decor magnam paulatim iusto decet ademptio illo peccatus vociferor summa adicio volo tutis.',18,'160','Check In'),(63,'Furman','Funk','Rudolph12@hotelmiranda.com','735-833-9539 x66590','2023-12-11 18:19:40','2023-12-16 03:05:23','2023-12-16 08:33:48','Confugo caute aliqua fugit venustas texo ocer tres commodi.',80,'117','In Progress'),(64,'Garret','Stoltenberg','Margot_Yundt52@hotelmiranda.com','450.300.0392 x2663','2023-12-11 18:19:40','2024-04-03 17:11:36','2024-04-03 21:56:22','Vesco rem vomer ulciscor quibusdam amet tener surgo corporis thalassinus creta quasi deinde timor cunae uredo aliqua adhuc allatus tempora concedo.',53,'170','Check Out'),(65,'Isaac','Smith','Lacy_Block74@hotelmiranda.com','298.388.7132 x022','2023-12-11 18:19:40','2024-04-03 05:44:02','2024-04-03 09:46:04','Cohibeo fugit conculco earum amet creptio uxor toties quae depromo adstringo terminatio blanditiis ducimus acquiro adipisci thorax quas tardus velociter deorsum.',61,'200','Check In'),(66,'Aron','Harber','Francesco_Gerlach82@hotelmiranda.com','(274) 688-3410','2023-12-11 18:19:40','2024-12-03 23:15:28','2024-12-03 23:32:23','Suppono causa surculus veniam terror maiores concedo articulus ullus temporibus cibo arbor abutor aveho thema stella caput addo vulgivagus adamo debilito comparo.',72,'267','In Progress'),(67,'Estell','Hilll','Reuben_Lynch@hotelmiranda.com','1-559-873-1928 x94985','2023-12-11 18:19:40','2024-12-04 18:08:09','2024-12-04 18:35:08','Adhaero uter surculus combibo coma ager ipsum solio spectaculum studio spectaculum alo decet arca bonus amor conduco tibi patrocinor templum amicitia vaco doloribus voluptas.',45,'130','Check Out'),(68,'Janie','Farrell','Audreanne94@hotelmiranda.com','(802) 694-7062','2023-12-11 18:19:40','2024-12-07 04:53:07','2024-12-07 05:39:53','Anser desino ducimus laboriosam approbo bardus vinitor cribro aqua tricesimus pel audio laborum.',55,'215','Check In'),(69,'Malcolm','Jakubowski','Eloy_Volkman@hotelmiranda.com','1-269-938-0048 x843','2023-12-11 18:19:40','2024-12-08 07:52:02','2024-12-08 08:00:05','Argumentum tondeo virtus timidus carbo voluptate super terminatio.',4,'178','In Progress'),(70,'Raphaelle','Abernathy','Dean_Barrows@hotelmiranda.com','1-620-335-7394 x9665','2023-12-11 18:19:40','2024-05-20 12:22:54','2024-05-20 17:10:57','Delectatio capitulus curo communis strues conservo autem suppono numquam angustus debeo averto vinum cursim appono sum.',55,'105','In Progress'),(71,'Earline','Hane','Jermey_Bode@hotelmiranda.com','(392) 957-7465 x157','2023-12-11 18:19:40','2024-12-06 02:19:23','2024-12-06 02:24:50','Perspiciatis compello vaco aedificium deserunt cribro suffragium bonus cubo in.',71,'275','In Progress'),(72,'Karson','Kautzer','Imelda_Gulgowski@hotelmiranda.com','1-874-858-3260','2023-12-11 18:19:41','2024-12-08 09:47:11','2024-12-08 09:55:19','Volo curso conatus appono stips defungo cognatus suscipit.',56,'170','Check Out'),(73,'Brenna','Schimmel','Sterling.Hilpert@hotelmiranda.com','(534) 897-4758 x49711','2023-12-11 18:19:41','2024-12-04 13:28:37','2024-12-04 13:33:06','Debilito suspendo casso thalassinus blanditiis viridis ut ager vinco.',49,'235','In Progress'),(74,'Ara','Heller','Roscoe24@hotelmiranda.com','457.882.2121 x50938','2023-12-11 18:19:41','2023-12-16 16:08:26','2023-12-16 16:13:41','Bellicus abundans deinde accendo despecto umbra bene urbanus temporibus atqui accedo admiratio valetudo aliquid atrocitas.',63,'190','In Progress'),(75,'Cristobal','Ryan','Melvin_Gibson@hotelmiranda.com','283-217-5383','2023-12-11 18:19:41','2024-12-08 21:11:05','2024-12-08 21:25:30','Agnosco ipsa stultus bellum vorago tempora vicissitudo arto deinde curvo beatus adsidue repellat delectatio.',36,'140','In Progress'),(76,'Francisca','Bailey','Reta7@hotelmiranda.com','664-497-5300 x16021','2023-12-11 18:19:41','2024-04-04 00:25:25','2024-04-04 00:44:10','Vitae caput trans beatae adversus supellex aspicio terreo taceo hic delectatio.',25,'197','Check Out'),(77,'Elaina','Okuneva','Moises.Balistreri42@hotelmiranda.com','(926) 937-7685','2023-12-11 18:19:41','2023-12-23 17:06:14','2023-12-23 19:06:35','Capto a agnitio nesciunt vulariter deduco collum infit carpo approbo eaque.',48,'180','In Progress'),(78,'Kaley','Dooley','Emma_Bauch@hotelmiranda.com','504-337-5335 x389','2023-12-11 18:19:41','2024-12-10 12:09:01','2024-12-10 12:10:02','Aeternus et suus custodia solio casso cresco harum caterva solus confugo incidunt solitudo stips dolore molestiae magni spiculum atrox ultio cubo cura tamen.',13,'258','Check Out'),(79,'Ryder','Smith','Rosalyn_Runolfsdottir@hotelmiranda.com','(353) 828-7946 x9254','2023-12-11 18:19:41','2024-03-31 09:13:39','2024-03-31 09:51:55','Tametsi usque appositus usque basium quasi supellex.',79,'163','In Progress'),(80,'Korbin','Huels','Andreanne_Lockman@hotelmiranda.com','1-473-980-6919 x811','2023-12-11 18:19:41','2024-12-10 11:13:41','2024-12-10 11:43:48','Vesco blandior denego coma vorax ratione dedico ager autus quo pax nesciunt synagoga velit earum vilis facilis urbs audeo vivo.',55,'205','Check Out');
/*!40000 ALTER TABLE `booking` ENABLE KEYS */;
UNLOCK TABLES;

--
-- Table structure for table `contact`
--

DROP TABLE IF EXISTS `contact`;
/*!40101 SET @saved_cs_client     = @@character_set_client */;
/*!50503 SET character_set_client = utf8mb4 */;
CREATE TABLE `contact` (
  `id` int NOT NULL AUTO_INCREMENT,
  `date` datetime NOT NULL,
  `name` varchar(45) NOT NULL,
  `email` varchar(45) NOT NULL,
  `phone` varchar(45) NOT NULL,
  `subject` varchar(45) NOT NULL,
  `comment` varchar(255) NOT NULL,
  `archived` binary(1) NOT NULL,
  PRIMARY KEY (`id`)
) ENGINE=InnoDB AUTO_INCREMENT=11 DEFAULT CHARSET=utf8mb4 COLLATE=utf8mb4_0900_ai_ci;
/*!40101 SET character_set_client = @saved_cs_client */;

--
-- Dumping data for table `contact`
--

LOCK TABLES `contact` WRITE;
/*!40000 ALTER TABLE `contact` DISABLE KEYS */;
INSERT INTO `contact` VALUES (1,'2023-10-08 05:57:01','Kenny Lockman','Hortense_Bruen@anymail.com','(200) 342-8663 x31628','Aeneus.','Capitulus demoror debitis aeternus excepturi delego accommodo.',_binary '1'),(2,'2023-01-08 13:48:13','Iris Auer','Cale83@anymail.com','530.213.3361 x20002','Audeo laudantium.','Adeptio viscus ventus adeo claustrum verecundia.',_binary '1'),(3,'2023-10-02 21:34:37','Devin Corkery','Elsie.Homenick@anymail.com','(970) 625-2715 x810','Sol.','Amoveo ager tui culpo eum tantillus decens pecto circumvenio tonsor.',_binary '0'),(4,'2023-11-24 08:36:23','Karla Toy MD','Dixie85@anymail.com','1-239-300-7470','Utique.','Animus stella denique cuius quia. Incidunt thema depono vitiosus aspernatur sunt cogito tum auctor quibusdam. Corrumpo toties crepusculum aegrus cerno alius decens numquam.',_binary '0'),(5,'2022-12-24 19:59:37','Alan Wyman Jr.','Stephon_Maggio@anymail.com','275-627-7895 x63554','Civitas.','Thalassinus arto balbus admoveo consectetur synagoga paens.',_binary '1'),(6,'2023-01-01 05:38:25','Cecilia Adams','Benton77@anymail.com','433.758.8204 x2680','Ago voluptatum demo cruciamentum.','Ubi calculus decimus trucido pecto dignissimos et. Varietas admiratio conservo suspendo tenetur tubineus. Studio communis sono arguo synagoga caritas aeneus tabgo.',_binary '1'),(7,'2023-04-13 04:12:00','Brandon Hudson Jr.','Nathen_Koss7@anymail.com','943.209.6084','Curtus.','Tollo urbs denego deinde cultellus adstringo rem deputo thema cunctatio.',_binary '1'),(8,'2023-03-11 04:59:09','Mathew Baumbach','Annabell_Pacocha@anymail.com','813-316-2741 x1619','Tantum.','Dolore centum cupio tergeo.',_binary '0'),(9,'2023-07-13 18:37:13','Tonya Casper','Rosalinda_Herman14@anymail.com','522.667.9583 x6820','Animi.','Aptus tabula natus quis id decerno harum.',_binary '1'),(10,'2023-03-31 21:49:55','Michael Schaden','Felicia.Larkin89@anymail.com','432.951.1206 x4273','Adfectus adfero.','Comitatus conitor appositus theologus depopulo tenuis stips acceptus vos. Vindico apto abduco demulceo tergeo cunabula nesciunt. Nam unus vix dolores.',_binary '1');
/*!40000 ALTER TABLE `contact` ENABLE KEYS */;
UNLOCK TABLES;

--
-- Table structure for table `photos`
--

DROP TABLE IF EXISTS `photos`;
/*!40101 SET @saved_cs_client     = @@character_set_client */;
/*!50503 SET character_set_client = utf8mb4 */;
CREATE TABLE `photos` (
  `id` int NOT NULL AUTO_INCREMENT,
  `photo_url` varchar(255) NOT NULL,
  `room_id` int NOT NULL,
  PRIMARY KEY (`id`),
  KEY `room_id` (`room_id`),
  CONSTRAINT `photos_ibfk_1` FOREIGN KEY (`room_id`) REFERENCES `room` (`id`) ON DELETE CASCADE ON UPDATE CASCADE
) ENGINE=InnoDB AUTO_INCREMENT=81 DEFAULT CHARSET=utf8mb4 COLLATE=utf8mb4_0900_ai_ci;
/*!40101 SET character_set_client = @saved_cs_client */;

--
-- Dumping data for table `photos`
--

LOCK TABLES `photos` WRITE;
/*!40000 ALTER TABLE `photos` DISABLE KEYS */;
INSERT INTO `photos` VALUES (1,'https://dashboardgeneralassets.s3.eu-west-1.amazonaws.com/Fotos+Dashboard/room2.jpeg',1),(2,'https://dashboardgeneralassets.s3.eu-west-1.amazonaws.com/Fotos+Dashboard/room1.jpeg',2),(3,'https://dashboardgeneralassets.s3.eu-west-1.amazonaws.com/Fotos+Dashboard/room5.jpeg',3),(4,'https://dashboardgeneralassets.s3.eu-west-1.amazonaws.com/Fotos+Dashboard/room1.jpeg',4),(5,'https://dashboardgeneralassets.s3.eu-west-1.amazonaws.com/Fotos+Dashboard/room4.jpeg',5),(6,'https://dashboardgeneralassets.s3.eu-west-1.amazonaws.com/Fotos+Dashboard/room5.jpeg',6),(7,'https://dashboardgeneralassets.s3.eu-west-1.amazonaws.com/Fotos+Dashboard/room5.jpeg',7),(8,'https://dashboardgeneralassets.s3.eu-west-1.amazonaws.com/Fotos+Dashboard/room2.jpeg',8),(9,'https://dashboardgeneralassets.s3.eu-west-1.amazonaws.com/Fotos+Dashboard/room1.jpeg',9),(10,'https://dashboardgeneralassets.s3.eu-west-1.amazonaws.com/Fotos+Dashboard/room4.jpeg',10),(11,'https://dashboardgeneralassets.s3.eu-west-1.amazonaws.com/Fotos+Dashboard/room4.jpeg',11),(12,'https://dashboardgeneralassets.s3.eu-west-1.amazonaws.com/Fotos+Dashboard/room2.jpeg',12),(13,'https://dashboardgeneralassets.s3.eu-west-1.amazonaws.com/Fotos+Dashboard/room4.jpeg',13),(14,'https://dashboardgeneralassets.s3.eu-west-1.amazonaws.com/Fotos+Dashboard/room3.jpeg',14),(15,'https://dashboardgeneralassets.s3.eu-west-1.amazonaws.com/Fotos+Dashboard/room2.jpeg',15),(16,'https://dashboardgeneralassets.s3.eu-west-1.amazonaws.com/Fotos+Dashboard/room2.jpeg',16),(17,'https://dashboardgeneralassets.s3.eu-west-1.amazonaws.com/Fotos+Dashboard/room1.jpeg',17),(18,'https://dashboardgeneralassets.s3.eu-west-1.amazonaws.com/Fotos+Dashboard/room4.jpeg',18),(19,'https://dashboardgeneralassets.s3.eu-west-1.amazonaws.com/Fotos+Dashboard/room5.jpeg',19),(20,'https://dashboardgeneralassets.s3.eu-west-1.amazonaws.com/Fotos+Dashboard/room3.jpeg',20),(21,'https://dashboardgeneralassets.s3.eu-west-1.amazonaws.com/Fotos+Dashboard/room2.jpeg',21),(22,'https://dashboardgeneralassets.s3.eu-west-1.amazonaws.com/Fotos+Dashboard/room4.jpeg',22),(23,'https://dashboardgeneralassets.s3.eu-west-1.amazonaws.com/Fotos+Dashboard/room5.jpeg',23),(24,'https://dashboardgeneralassets.s3.eu-west-1.amazonaws.com/Fotos+Dashboard/room1.jpeg',24),(25,'https://dashboardgeneralassets.s3.eu-west-1.amazonaws.com/Fotos+Dashboard/room1.jpeg',25),(26,'https://dashboardgeneralassets.s3.eu-west-1.amazonaws.com/Fotos+Dashboard/room5.jpeg',26),(27,'https://dashboardgeneralassets.s3.eu-west-1.amazonaws.com/Fotos+Dashboard/room2.jpeg',27),(28,'https://dashboardgeneralassets.s3.eu-west-1.amazonaws.com/Fotos+Dashboard/room2.jpeg',28),(29,'https://dashboardgeneralassets.s3.eu-west-1.amazonaws.com/Fotos+Dashboard/room5.jpeg',29),(30,'https://dashboardgeneralassets.s3.eu-west-1.amazonaws.com/Fotos+Dashboard/room5.jpeg',30),(31,'https://dashboardgeneralassets.s3.eu-west-1.amazonaws.com/Fotos+Dashboard/room3.jpeg',31),(32,'https://dashboardgeneralassets.s3.eu-west-1.amazonaws.com/Fotos+Dashboard/room4.jpeg',32),(33,'https://dashboardgeneralassets.s3.eu-west-1.amazonaws.com/Fotos+Dashboard/room4.jpeg',33),(34,'https://dashboardgeneralassets.s3.eu-west-1.amazonaws.com/Fotos+Dashboard/room5.jpeg',34),(35,'https://dashboardgeneralassets.s3.eu-west-1.amazonaws.com/Fotos+Dashboard/room4.jpeg',35),(36,'https://dashboardgeneralassets.s3.eu-west-1.amazonaws.com/Fotos+Dashboard/room5.jpeg',36),(37,'https://dashboardgeneralassets.s3.eu-west-1.amazonaws.com/Fotos+Dashboard/room1.jpeg',37),(38,'https://dashboardgeneralassets.s3.eu-west-1.amazonaws.com/Fotos+Dashboard/room5.jpeg',38),(39,'https://dashboardgeneralassets.s3.eu-west-1.amazonaws.com/Fotos+Dashboard/room3.jpeg',39),(40,'https://dashboardgeneralassets.s3.eu-west-1.amazonaws.com/Fotos+Dashboard/room3.jpeg',40),(41,'https://dashboardgeneralassets.s3.eu-west-1.amazonaws.com/Fotos+Dashboard/room3.jpeg',41),(42,'https://dashboardgeneralassets.s3.eu-west-1.amazonaws.com/Fotos+Dashboard/room4.jpeg',42),(43,'https://dashboardgeneralassets.s3.eu-west-1.amazonaws.com/Fotos+Dashboard/room2.jpeg',43),(44,'https://dashboardgeneralassets.s3.eu-west-1.amazonaws.com/Fotos+Dashboard/room3.jpeg',44),(45,'https://dashboardgeneralassets.s3.eu-west-1.amazonaws.com/Fotos+Dashboard/room3.jpeg',45),(46,'https://dashboardgeneralassets.s3.eu-west-1.amazonaws.com/Fotos+Dashboard/room2.jpeg',46),(47,'https://dashboardgeneralassets.s3.eu-west-1.amazonaws.com/Fotos+Dashboard/room4.jpeg',47),(48,'https://dashboardgeneralassets.s3.eu-west-1.amazonaws.com/Fotos+Dashboard/room5.jpeg',48),(49,'https://dashboardgeneralassets.s3.eu-west-1.amazonaws.com/Fotos+Dashboard/room2.jpeg',49),(50,'https://dashboardgeneralassets.s3.eu-west-1.amazonaws.com/Fotos+Dashboard/room2.jpeg',50),(51,'https://dashboardgeneralassets.s3.eu-west-1.amazonaws.com/Fotos+Dashboard/room2.jpeg',51),(52,'https://dashboardgeneralassets.s3.eu-west-1.amazonaws.com/Fotos+Dashboard/room1.jpeg',52),(53,'https://dashboardgeneralassets.s3.eu-west-1.amazonaws.com/Fotos+Dashboard/room5.jpeg',53),(54,'https://dashboardgeneralassets.s3.eu-west-1.amazonaws.com/Fotos+Dashboard/room1.jpeg',54),(55,'https://dashboardgeneralassets.s3.eu-west-1.amazonaws.com/Fotos+Dashboard/room2.jpeg',55),(56,'https://dashboardgeneralassets.s3.eu-west-1.amazonaws.com/Fotos+Dashboard/room3.jpeg',56),(57,'https://dashboardgeneralassets.s3.eu-west-1.amazonaws.com/Fotos+Dashboard/room1.jpeg',57),(58,'https://dashboardgeneralassets.s3.eu-west-1.amazonaws.com/Fotos+Dashboard/room5.jpeg',58),(59,'https://dashboardgeneralassets.s3.eu-west-1.amazonaws.com/Fotos+Dashboard/room2.jpeg',59),(60,'https://dashboardgeneralassets.s3.eu-west-1.amazonaws.com/Fotos+Dashboard/room3.jpeg',60),(61,'https://dashboardgeneralassets.s3.eu-west-1.amazonaws.com/Fotos+Dashboard/room5.jpeg',61),(62,'https://dashboardgeneralassets.s3.eu-west-1.amazonaws.com/Fotos+Dashboard/room4.jpeg',62),(63,'https://dashboardgeneralassets.s3.eu-west-1.amazonaws.com/Fotos+Dashboard/room3.jpeg',63),(64,'https://dashboardgeneralassets.s3.eu-west-1.amazonaws.com/Fotos+Dashboard/room4.jpeg',64),(65,'https://dashboardgeneralassets.s3.eu-west-1.amazonaws.com/Fotos+Dashboard/room3.jpeg',65),(66,'https://dashboardgeneralassets.s3.eu-west-1.amazonaws.com/Fotos+Dashboard/room3.jpeg',66),(67,'https://dashboardgeneralassets.s3.eu-west-1.amazonaws.com/Fotos+Dashboard/room1.jpeg',67),(68,'https://dashboardgeneralassets.s3.eu-west-1.amazonaws.com/Fotos+Dashboard/room2.jpeg',68),(69,'https://dashboardgeneralassets.s3.eu-west-1.amazonaws.com/Fotos+Dashboard/room4.jpeg',69),(70,'https://dashboardgeneralassets.s3.eu-west-1.amazonaws.com/Fotos+Dashboard/room4.jpeg',70),(71,'https://dashboardgeneralassets.s3.eu-west-1.amazonaws.com/Fotos+Dashboard/room4.jpeg',71),(72,'https://dashboardgeneralassets.s3.eu-west-1.amazonaws.com/Fotos+Dashboard/room1.jpeg',72),(73,'https://dashboardgeneralassets.s3.eu-west-1.amazonaws.com/Fotos+Dashboard/room4.jpeg',73),(74,'https://dashboardgeneralassets.s3.eu-west-1.amazonaws.com/Fotos+Dashboard/room4.jpeg',74),(75,'https://dashboardgeneralassets.s3.eu-west-1.amazonaws.com/Fotos+Dashboard/room3.jpeg',75),(76,'https://dashboardgeneralassets.s3.eu-west-1.amazonaws.com/Fotos+Dashboard/room2.jpeg',76),(77,'https://dashboardgeneralassets.s3.eu-west-1.amazonaws.com/Fotos+Dashboard/room1.jpeg',77),(78,'https://dashboardgeneralassets.s3.eu-west-1.amazonaws.com/Fotos+Dashboard/room2.jpeg',78),(79,'https://dashboardgeneralassets.s3.eu-west-1.amazonaws.com/Fotos+Dashboard/room3.jpeg',79),(80,'https://dashboardgeneralassets.s3.eu-west-1.amazonaws.com/Fotos+Dashboard/room2.jpeg',80);
/*!40000 ALTER TABLE `photos` ENABLE KEYS */;
UNLOCK TABLES;

--
-- Table structure for table `room`
--

DROP TABLE IF EXISTS `room`;
/*!40101 SET @saved_cs_client     = @@character_set_client */;
/*!50503 SET character_set_client = utf8mb4 */;
CREATE TABLE `room` (
  `id` int NOT NULL AUTO_INCREMENT,
  `number` varchar(10) NOT NULL,
  `type` varchar(45) NOT NULL,
  `description` varchar(255) NOT NULL,
  `price` int NOT NULL,
  `discount` int NOT NULL,
  `availability` varchar(45) NOT NULL,
  PRIMARY KEY (`id`)
) ENGINE=InnoDB AUTO_INCREMENT=81 DEFAULT CHARSET=utf8mb4 COLLATE=utf8mb4_0900_ai_ci;
/*!40101 SET character_set_client = @saved_cs_client */;

--
-- Dumping data for table `room`
--

LOCK TABLES `room` WRITE;
/*!40000 ALTER TABLE `room` DISABLE KEYS */;
INSERT INTO `room` VALUES (1,'295','Double Superior','Deripio vinco turba vos tolero tempore chirographum caelum sed carmen valde vindico.',184,20,'Booked'),(2,'276','Double Room','Nihil nesciunt adicio demoror libero amo debeo maxime quam aufero.',174,5,'Booked'),(3,'242','Single Room','Depulso ea culpo apud neque clementia utique vestigium nobis denego.',121,0,'Booked'),(4,'106','Double Room','Anser tamisium arbustum decretum viriliter tempore stabilis dapifer dignissimos subiungo.',283,5,'Booked'),(5,'147','Single Room','Vehemens illum corporis ager contigo ara eligendi usitas concido candidus voveo.',204,15,'Booked'),(6,'128','Double Superior','Tersus volubilis sustineo acsi fugit odio ustulo ocer textilis utrimque officia demoror.',149,30,'Available'),(7,'151','Single Room','Tardus tactus decimus quia eius suppono aestas thorax nihil statua cimentarius.',275,25,'Booked'),(8,'269','Double Superior','Earum candidus censura alveus thalassinus audacia triduana ver cupio concido amiculum eveniet.',161,0,'Available'),(9,'210','Double Superior','Conspergo tripudio volup uterque deleniti enim consequuntur viridis torqueo certus balbus colo.',298,15,'Booked'),(10,'270','Single Room','Timidus cognatus carus agnosco tondeo tribuo nostrum virgo suscipit viduo.',175,30,'Booked'),(11,'233','Suite','Suus ater abutor celo theca universe adopto adhaero benevolentia denuncio tenetur.',297,0,'Booked'),(12,'195','Double Room','Vesco tamen creator vesco arto triduana valeo omnis cerno repellat turba cursus.',207,15,'Booked'),(13,'276','Single Room','Derelinquo aedificium verbera volaticus spiritus pecco vestigium nesciunt cupio aegrotatio architecto saepe.',129,0,'Booked'),(14,'186','Double Superior','Fugiat vestigium somnus dicta conscendo tardus consequuntur at adipisci bellicus.',153,0,'Booked'),(15,'292','Double Room','Tergiversatio accusator aeneus arcus cogo ipsam caterva tracto culpo summisse despecto vix.',147,15,'Booked'),(16,'299','Double Room','Damno veniam creber denuo demonstro tutis cena velit asper facere vestigium.',112,0,'Booked'),(17,'253','Double Superior','Curatio absens thymum ea tyrannus arma infit temperantia nostrum est trans crapula.',121,20,'Booked'),(18,'147','Single Room','Adflicto subvenio depulso concedo advenio ocer iste commemoro adnuo nobis decet suggero.',101,20,'Booked'),(19,'220','Suite','Incidunt eveniet deripio creber cenaculum vapulus cum ex quasi comptus.',293,0,'Booked'),(20,'253','Double Room','Ipsa clibanus avaritia decens perspiciatis adamo commodi atrocitas magni adaugeo stillicidium.',260,0,'Booked'),(21,'232','Double Room','Stultus suggero clam vae absorbeo vir pax quasi caelum ambulo.',295,0,'Booked'),(22,'299','Single Room','Arx conor ait cattus tabernus vigor quod ars patior exercitationem.',189,0,'Available'),(23,'293','Double Superior','Comburo paens volubilis adflicto eaque charisma articulus attollo canonicus bardus tergum statim.',236,0,'Booked'),(24,'223','Double Room','Denego dens cupio atque cupiditas vociferor voluptatem sumo creptio cuppedia.',112,5,'Available'),(25,'273','Double Superior','Comedo color reiciendis currus angustus summa cernuus xiphias ver ulterius vulnus acerbitas.',199,0,'Booked'),(26,'113','Double Superior','Enim cariosus sufficio abbas corrupti defendo cernuus sponte eveniet xiphias.',206,10,'Available'),(27,'285','Double Room','Decor aggero vesco abduco cupiditate porro custodia clementia aegrotatio cuius adeptio.',285,0,'Booked'),(28,'202','Double Superior','Attollo accedo tenetur cetera corona commodo quia in appello tardus tabula.',193,0,'Available'),(29,'166','Double Room','Spoliatio vespillo torqueo alter terebro bos veritas angelus tandem vesper aranea tabella.',248,0,'Booked'),(30,'143','Double Superior','Utroque eligendi vehemens virga crudelis benevolentia contigo speculum peior aestas annus.',287,10,'Booked'),(31,'295','Single Room','Voluptates saepe adsum adfero bene thymbra traho vaco amor veritas crapula.',179,20,'Booked'),(32,'229','Suite','Trans stipes unus suppono dolores denuo pecto vado derideo modi mollitia.',259,0,'Booked'),(33,'283','Suite','Consectetur abutor suscipio adeptio unus eveniet caritas ipsa sodalitas stillicidium sapiente.',293,5,'Available'),(34,'111','Double Superior','Aliquid comitatus utrimque turba reprehenderit suppono totidem vicissitudo ratione summa capto.',296,0,'Available'),(35,'115','Double Superior','Adsum trado tripudio est cunctatio cogito tremo aegrotatio vulgaris somniculosus.',136,20,'Available'),(36,'103','Double Room','Textus deinde suffragium thorax vobis cultellus tenus conicio terreo somniculosus.',187,10,'Booked'),(37,'260','Single Room','Brevis capto cumque caput adiuvo animus vito succurro architecto sunt minima.',207,0,'Available'),(38,'167','Double Superior','Cohaero impedit maiores vaco pariatur tabgo praesentium vulgivagus stillicidium tam substantia tyrannus.',194,20,'Available'),(39,'236','Single Room','Vallum pecus clementia ante ancilla admoneo tribuo stabilis curto caelestis sto.',286,20,'Available'),(40,'242','Double Superior','Bellum similique uterque torqueo aliquid audax tantum vulgus nulla accusantium umquam asper.',244,0,'Available'),(41,'258','Double Superior','Unus cavus trepide tabernus patruus synagoga antepono adsidue veritas temperantia deporto atavus.',163,25,'Booked'),(42,'104','Double Superior','Accusamus repellendus sint et angelus vespillo quas voluptatum vetus somniculosus cohibeo.',176,5,'Available'),(43,'268','Single Room','Argumentum cotidie complectus subvenio complectus tredecim volva condico tactus exercitationem.',217,5,'Available'),(44,'177','Double Room','Velociter aut valeo testimonium communis auctus depraedor utroque vulpes allatus.',204,0,'Booked'),(45,'243','Single Room','Suppellex corrigo qui claustrum ipsum sum tredecim attero uredo itaque.',278,10,'Booked'),(46,'192','Single Room','Quas volup templum titulus vaco calculus ciminatio voluptas audentia defluo.',293,10,'Booked'),(47,'193','Double Superior','Terreo suffragium aiunt vapulus solitudo demitto ustulo credo sodalitas aduro synagoga.',153,0,'Booked'),(48,'297','Single Room','Tamisium appono sit volo acies vilitas succurro ventito calamitas verbum sonitus valeo.',226,0,'Available'),(49,'294','Double Superior','Abstergo umerus tredecim sursum dolorem aegrus cuius pecus eaque tempore ascit tamisium.',128,10,'Available'),(50,'180','Suite','Tabernus uter eligendi accusamus vaco asporto cauda rerum centum vicissitudo careo decumbo.',282,25,'Available'),(51,'160','Double Superior','Coruscus varietas triumphus testimonium patior tamdiu turbo soluta canonicus coma advenio animus.',152,0,'Booked'),(52,'182','Double Room','Cultura tolero conor ulciscor caelestis demo animi adaugeo succedo angelus.',138,10,'Available'),(53,'113','Double Room','Volubilis sumptus sequi dignissimos cogito assumenda tripudio damnatio turpis denuo.',222,10,'Available'),(54,'118','Double Room','Tredecim crapula temporibus armarium culpo ocer aeneus amet vergo titulus.',197,15,'Booked'),(55,'169','Double Superior','Ea decimus ascit sonitus solium coma cotidie vallum veritas concido aspernatur.',128,30,'Available'),(56,'127','Single Room','Quis cogo curto carcer tergum aspernatur clamo vomica defaeco ustilo sulum.',286,25,'Available'),(57,'107','Single Room','Arma coadunatio sperno tergum aut aggero currus claustrum quod utpote.',247,15,'Booked'),(58,'102','Suite','Dolore alias amissio adimpleo voluptatibus tollo degenero provident autem vobis.',190,10,'Available'),(59,'271','Suite','Aveho stips cicuta bestia nulla aduro tero tum caecus depopulo votum vallum.',195,0,'Booked'),(60,'200','Single Room','Eligendi ademptio urbs canis varietas una animi asper ancilla peccatus victoria.',122,0,'Booked'),(61,'205','Single Room','Cohors suggero defero thermae defessus suadeo cernuus possimus appello videlicet.',102,20,'Booked'),(62,'121','Double Room','Suscipit vigor coruscus defendo aperte benevolentia valetudo nulla suadeo conculco.',108,0,'Booked'),(63,'250','Single Room','Alo ut ad tego caute eius tollo tamdiu patria bardus comes vix.',183,0,'Booked'),(64,'260','Double Superior','Clarus timidus delicate in viriliter unde textilis sed attollo cauda amor vetus.',287,25,'Booked'),(65,'141','Double Superior','Asper accusator apud id canto thermae despecto vinco centum subito.',253,30,'Available'),(66,'102','Double Room','Commodo decor argumentum arto solitudo error beatae baiulus adimpleo agnosco.',291,0,'Available'),(67,'113','Double Room','Tum dolorum tertius adversus utrimque enim sollers accusantium impedit arguo.',161,25,'Available'),(68,'247','Double Room','Saepe textilis angustus chirographum thalassinus acceptus bestia aspernatur curvo inventore.',196,30,'Available'),(69,'258','Single Room','Arbitro adhaero absens vulgivagus abundans speciosus strenuus aqua cito spoliatio.',181,5,'Available'),(70,'114','Double Superior','Vulgo succedo angulus uxor una caput nostrum templum capio aranea claro sum.',130,0,'Available'),(71,'276','Single Room','Vinculum uredo stabilis tepesco tactus crinis decor tumultus strues cupio volva assentator.',287,0,'Available'),(72,'210','Suite','Sordeo thesis tandem conor illum cui vulgivagus dapifer triumphus crepusculum.',144,0,'Booked'),(73,'255','Single Room','Doloremque convoco quia cultura chirographum defero acidus delibero delego torrens voluptatum.',179,0,'Booked'),(74,'102','Double Superior','Aegrotatio ager demo dolores compono colligo arx accedo aedificium dolorum reiciendis demitto.',195,15,'Available'),(75,'224','Double Superior','Crepusculum addo degero pax spargo aduro clam tabgo eos acsi cedo tolero.',234,0,'Booked'),(76,'121','Suite','Nesciunt speculum vulgaris delego aequitas curtus deludo ago repellendus suscipio.',128,0,'Available'),(77,'105','Suite','Vester suscipit terebro tergum tertius balbus eaque conventus tenuis perspiciatis conforto calco.',125,0,'Booked'),(78,'291','Double Room','Amicitia defessus carpo alioqui theologus aspernatur exercitationem ustilo comparo bellicus dapifer appello.',181,30,'Available'),(79,'100','Double Room','Valde hic virgo cilicium ceno similique vindico corpus adiuvo vito architecto theca.',125,25,'Available'),(80,'149','Single Room','Velum exercitationem placeat tego contego terga spero approbo aequitas decimus.',149,0,'Available');
/*!40000 ALTER TABLE `room` ENABLE KEYS */;
UNLOCK TABLES;

--
-- Table structure for table `room_amenities`
--

DROP TABLE IF EXISTS `room_amenities`;
/*!40101 SET @saved_cs_client     = @@character_set_client */;
/*!50503 SET character_set_client = utf8mb4 */;
CREATE TABLE `room_amenities` (
  `room_id` int NOT NULL,
  `amenity_id` int NOT NULL,
  KEY `room_id` (`room_id`),
  KEY `amenity_id` (`amenity_id`),
  CONSTRAINT `room_amenities_ibfk_1` FOREIGN KEY (`room_id`) REFERENCES `room` (`id`) ON DELETE CASCADE ON UPDATE CASCADE,
  CONSTRAINT `room_amenities_ibfk_2` FOREIGN KEY (`amenity_id`) REFERENCES `amenity` (`id`)
) ENGINE=InnoDB DEFAULT CHARSET=utf8mb4 COLLATE=utf8mb4_0900_ai_ci;
/*!40101 SET character_set_client = @saved_cs_client */;

--
-- Dumping data for table `room_amenities`
--

LOCK TABLES `room_amenities` WRITE;
/*!40000 ALTER TABLE `room_amenities` DISABLE KEYS */;
INSERT INTO `room_amenities` VALUES (1,1),(1,2),(1,3),(1,4),(1,5),(1,6),(2,1),(2,2),(2,3),(2,4),(2,5),(2,6),(3,1),(3,2),(3,3),(3,4),(3,5),(3,6),(4,1),(4,2),(4,3),(4,4),(4,5),(4,6),(5,1),(5,2),(5,3),(5,4),(5,5),(5,6),(6,1),(6,2),(6,3),(6,4),(6,5),(6,6),(7,1),(7,2),(7,3),(7,4),(7,5),(7,6),(8,1),(8,2),(8,3),(8,4),(8,5),(8,6),(9,1),(9,2),(9,3),(9,4),(9,5),(9,6),(10,1),(10,2),(10,3),(10,4),(10,5),(10,6),(11,1),(11,2),(11,3),(11,4),(11,5),(11,6),(12,1),(12,2),(12,3),(12,4),(12,5),(12,6),(13,1),(13,2),(13,3),(13,4),(13,5),(13,6),(14,1),(14,2),(14,3),(14,4),(14,5),(14,6),(15,1),(15,2),(15,3),(15,4),(15,5),(15,6),(16,1),(16,2),(16,3),(16,4),(16,5),(16,6),(17,1),(17,2),(17,3),(17,4),(17,5),(17,6),(18,1),(18,2),(18,3),(18,4),(18,5),(18,6),(19,1),(19,2),(19,3),(19,4),(19,5),(19,6),(20,1),(20,2),(20,3),(20,4),(20,5),(20,6),(21,1),(21,2),(21,3),(21,4),(21,5),(21,6),(22,1),(22,2),(22,3),(22,4),(22,5),(22,6),(23,1),(23,2),(23,3),(23,4),(23,5),(23,6),(24,1),(24,2),(24,3),(24,4),(24,5),(24,6),(25,1),(25,2),(25,3),(25,4),(25,5),(25,6),(26,1),(26,2),(26,3),(26,4),(26,5),(26,6),(27,1),(27,2),(27,3),(27,4),(27,5),(27,6),(28,1),(28,2),(28,3),(28,4),(28,5),(28,6),(29,1),(29,2),(29,3),(29,4),(29,5),(29,6),(30,1),(30,2),(30,3),(30,4),(30,5),(30,6),(31,1),(31,2),(31,3),(31,4),(31,5),(31,6),(32,1),(32,2),(32,3),(32,4),(32,5),(32,6),(33,1),(33,2),(33,3),(33,4),(33,5),(33,6),(34,1),(34,2),(34,3),(34,4),(34,5),(34,6),(35,1),(35,2),(35,3),(35,4),(35,5),(35,6),(36,1),(36,2),(36,3),(36,4),(36,5),(36,6),(37,1),(37,2),(37,3),(37,4),(37,5),(37,6),(38,1),(38,2),(38,3),(38,4),(38,5),(38,6),(39,1),(39,2),(39,3),(39,4),(39,5),(39,6),(40,1),(40,2),(40,3),(40,4),(40,5),(40,6),(41,1),(41,2),(41,3),(41,4),(41,5),(41,6),(42,1),(42,2),(42,3),(42,4),(42,5),(42,6),(43,1),(43,2),(43,3),(43,4),(43,5),(43,6),(44,1),(44,2),(44,3),(44,4),(44,5),(44,6),(45,1),(45,2),(45,3),(45,4),(45,5),(45,6),(46,1),(46,2),(46,3),(46,4),(46,5),(46,6),(47,1),(47,2),(47,3),(47,4),(47,5),(47,6),(48,1),(48,2),(48,3),(48,4),(48,5),(48,6),(49,1),(49,2),(49,3),(49,4),(49,5),(49,6),(50,1),(50,2),(50,3),(50,4),(50,5),(50,6),(51,1),(51,2),(51,3),(51,4),(51,5),(51,6),(52,1),(52,2),(52,3),(52,4),(52,5),(52,6),(53,1),(53,2),(53,3),(53,4),(53,5),(53,6),(54,1),(54,2),(54,3),(54,4),(54,5),(54,6),(55,1),(55,2),(55,3),(55,4),(55,5),(55,6),(56,1),(56,2),(56,3),(56,4),(56,5),(56,6),(57,1),(57,2),(57,3),(57,4),(57,5),(57,6),(58,1),(58,2),(58,3),(58,4),(58,5),(58,6),(59,1),(59,2),(59,3),(59,4),(59,5),(59,6),(60,1),(60,2),(60,3),(60,4),(60,5),(60,6),(61,1),(61,2),(61,3),(61,4),(61,5),(61,6),(62,1),(62,2),(62,3),(62,4),(62,5),(62,6),(63,1),(63,2),(63,3),(63,4),(63,5),(63,6),(64,1),(64,2),(64,3),(64,4),(64,5),(64,6),(65,1),(65,2),(65,3),(65,4),(65,5),(65,6),(66,1),(66,2),(66,3),(66,4),(66,5),(66,6),(67,1),(67,2),(67,3),(67,4),(67,5),(67,6),(68,1),(68,2),(68,3),(68,4),(68,5),(68,6),(69,1),(69,2),(69,3),(69,4),(69,5),(69,6),(70,1),(70,2),(70,3),(70,4),(70,5),(70,6),(71,1),(71,2),(71,3),(71,4),(71,5),(71,6),(72,1),(72,2),(72,3),(72,4),(72,5),(72,6),(73,1),(73,2),(73,3),(73,4),(73,5),(73,6),(74,1),(74,2),(74,3),(74,4),(74,5),(74,6),(75,1),(75,2),(75,3),(75,4),(75,5),(75,6),(76,1),(76,2),(76,3),(76,4),(76,5),(76,6),(77,1),(77,2),(77,3),(77,4),(77,5),(77,6),(78,1),(78,2),(78,3),(78,4),(78,5),(78,6),(79,1),(79,2),(79,3),(79,4),(79,5),(79,6),(80,1),(80,2),(80,3),(80,4),(80,5),(80,6);
/*!40000 ALTER TABLE `room_amenities` ENABLE KEYS */;
UNLOCK TABLES;

--
-- Table structure for table `user`
--

DROP TABLE IF EXISTS `user`;
/*!40101 SET @saved_cs_client     = @@character_set_client */;
/*!50503 SET character_set_client = utf8mb4 */;
CREATE TABLE `user` (
  `id` int NOT NULL AUTO_INCREMENT,
  `photo` varchar(255) NOT NULL,
  `username` varchar(45) NOT NULL,
  `position` varchar(45) NOT NULL,
  `email` varchar(45) NOT NULL,
  `password` varchar(45) NOT NULL,
  `start_date` date NOT NULL,
  `job_description` varchar(255) NOT NULL,
  `contact` varchar(45) NOT NULL,
  `activity` varchar(45) NOT NULL,
  PRIMARY KEY (`id`)
) ENGINE=InnoDB AUTO_INCREMENT=11 DEFAULT CHARSET=utf8mb4 COLLATE=utf8mb4_0900_ai_ci;
/*!40101 SET character_set_client = @saved_cs_client */;

--
-- Dumping data for table `user`
--

LOCK TABLES `user` WRITE;
/*!40000 ALTER TABLE `user` DISABLE KEYS */;
INSERT INTO `user` VALUES (1,'https://cloudflare-ipfs.com/ipfs/Qmd3W5DuhgHirLHGVixi6V76LhCkZUz6pnFt5AJBiyvHye/avatar/743.jpg','Lauryn.Gibson32','Manager','Harrison.Dooley48@mirandahotel.com','XTkdds8jUCnts2VvpZe2','2024-08-14','Lead Functionality Consultant','1-311-538-6108','active'),(2,'https://cloudflare-ipfs.com/ipfs/Qmd3W5DuhgHirLHGVixi6V76LhCkZUz6pnFt5AJBiyvHye/avatar/1092.jpg','Sallie99','Manager','Rafael83@mirandahotel.com','WiHzk7xLbXaxMX0QsCdr','2024-04-12','Corporate Optimization Facilitator','765.905.3353 x273','active'),(3,'https://avatars.githubusercontent.com/u/30966015','Mossie31','Receptionist','Callie_Murphy39@mirandahotel.com','KKRkrbujrogoLlzVJpBq','2024-02-04','Dynamic Group Administrator','(945) 253-8505','active'),(4,'https://avatars.githubusercontent.com/u/74276913','Lelia_Gleichner-Stehr','Manager','Oma45@mirandahotel.com','wKIFoGN8c6hVbUgmvcYO','2024-05-06','Legacy Division Assistant','(609) 245-2293','inactive'),(5,'https://avatars.githubusercontent.com/u/88457251','Gene_Gulgowski7','Room Service','Loraine.Murazik20@mirandahotel.com','b85fLIuwlRVOJkzfYZjH','2024-09-28','Corporate Assurance Manager','(600) 551-2805 x90453','inactive'),(6,'https://cloudflare-ipfs.com/ipfs/Qmd3W5DuhgHirLHGVixi6V76LhCkZUz6pnFt5AJBiyvHye/avatar/535.jpg','Geoffrey29','Room Service','Einar1@mirandahotel.com','9mhAATwUkBSIJNetsisf','2024-04-26','Central Mobility Technician','(451) 406-2223','active'),(7,'https://avatars.githubusercontent.com/u/35467049','Sage81','Room Service','Lauryn67@mirandahotel.com','HY1OKXczz8INeuGKcu2v','2024-07-10','Investor Operations Strategist','584.206.6309 x7736','inactive'),(8,'https://avatars.githubusercontent.com/u/68709971','Wilfred.Blick','Manager','Marcia_Ankunding@mirandahotel.com','VVndaV_V2Hlxs7S66uzk','2024-08-31','Chief Tactics Producer','(943) 900-4975 x721','active'),(9,'https://avatars.githubusercontent.com/u/86932159','Marion.Pollich','Room Service','Celestino_Pouros@mirandahotel.com','EqwyCbDuhrZjbopyLt_a','2024-01-10','Internal Tactics Developer','(965) 646-5999 x96790','active'),(10,'https://avatars.githubusercontent.com/u/99962552','Vicente94','Manager','Lexus.Farrell@mirandahotel.com','3KiNfeRijG2kmlQHz2B0','2024-03-18','Principal Solutions Consultant','(699) 789-8451 x58801','active');
/*!40000 ALTER TABLE `user` ENABLE KEYS */;
UNLOCK TABLES;
/*!40103 SET TIME_ZONE=@OLD_TIME_ZONE */;

/*!40101 SET SQL_MODE=@OLD_SQL_MODE */;
/*!40014 SET FOREIGN_KEY_CHECKS=@OLD_FOREIGN_KEY_CHECKS */;
/*!40014 SET UNIQUE_CHECKS=@OLD_UNIQUE_CHECKS */;
/*!40101 SET CHARACTER_SET_CLIENT=@OLD_CHARACTER_SET_CLIENT */;
/*!40101 SET CHARACTER_SET_RESULTS=@OLD_CHARACTER_SET_RESULTS */;
/*!40101 SET COLLATION_CONNECTION=@OLD_COLLATION_CONNECTION */;
/*!40111 SET SQL_NOTES=@OLD_SQL_NOTES */;

-- Dump completed on 2023-12-11 18:21:31
